DHB,Grouped DHB
Auckland,Auckland Metro
Counties Manukau,Auckland Metro
Waitemata,Auckland Metro
Capital and Coast,Capital & Coast and Hutt Valley
Hutt Valley,Capital & Coast and Hutt Valley
Bay of Plenty,Bay of Plenty
Canterbury,Canterbury
Hawke’s Bay,Hawke’s Bay
Lakes,Lakes
MidCentral,MidCentral
Nelson Marlborough,Nelson Marlborough
Northland,Northland
South Canterbury,South Canterbury
Southern,Southern
Tairawhiti,Tairawhiti
Taranaki,Taranaki
Waikato,Waikato
Wairarapa,Wairarapa
West Coast,West Coast
Whanganui,Whanganui
National,Other sites
Other sites,Other sites
Hawke's Bay,Hawke's Bay
