sa2_code,sa2_name,dhb,booster_count,eligible_booster_pop,booster_uptake
Unknown,Unknown,Unknown,3954,7308,541
100100,North Cape,Northland,401,610,657
100200,Rangaunu Harbour,Northland,364,659,552
100400,Karikari Peninsula,Northland,198,319,621
100500,Tangonge,Northland,224,377,594
100600,Ahipara,Northland,245,399,614
100700,Kaitaia East,Northland,400,820,488
100800,Kaitaia West,Northland,565,1138,496
100900,Rangitihi,Northland,126,245,514
101000,Oruru-Parapara,Northland,99,198,500
101100,Taumarumaru,Northland,230,386,596
101200,Herekino-Takahue,Northland,144,254,567
101300,Peria,Northland,100,192,521
101400,Taemaro-Oruaiti,Northland,105,172,610
101500,Whakapaku,Northland,92,157,586
101600,Hokianga North,Northland,301,439,686
101700,Kohukohu-Broadwood,Northland,162,234,692
101800,Whakarara,Northland,249,374,666
101900,Kaeo,Northland,177,280,632
102000,Omahuta Forest-Horeke,Northland,202,346,584
102100,Hokianga South,Northland,257,400,642
102200,Lake Manuwai-Kapiro,Northland,87,151,576
102300,?kaihau,Northland,109,212,514
102400,Rangitane-Purerua,Northland,139,240,579
102500,Waipapa,Northland,42,81,519
102600,Puketotara,Northland,90,150,600
102700,Waim? Forest,Northland,240,444,541
102800,Riverview,Northland,97,154,630
102900,Waipoua Forest,Northland,265,417,635
103000,Kerikeri Central,Northland,151,288,524
103100,Kerikeri South,Northland,94,158,595
103200,?haeawai-Waimate North,Northland,174,280,621
103300,Puketona-Waitangi,Northland,127,208,611
103400,Ngapuhi,Northland,313,561,558
103500,Kaikohe,Northland,878,1592,552
103600,Pakaraka,Northland,61,105,581
103700,Haruru,Northland,80,150,533
103800,Russell,Northland,79,112,705
103900,Paihia,Northland,170,310,548
104000,Mataraua Forest,Northland,110,190,579
104100,Matawaia-Taumarere,Northland,269,460,585
104200,Russell Peninsula,Northland,41,52,788
104300,Opua (Far North District),Northland,68,115,591
104400,Russell Forest-Rawhiti,Northland,175,275,636
104500,Moerewa,Northland,414,736,562
104600,Kawakawa,Northland,299,519,576
104700,Maromaku,Northland,81,139,583
104800,Mangakahia-H?kerenui,Northland,228,389,586
104900,Whangaruru,Northland,258,442,584
105100,Matarau,Northland,141,246,573
105200,Hikurangi,Northland,160,306,523
105300,Kauri,Northland,109,164,665
105400,Maungatapere,Northland,200,299,669
105500,Kamo West,Northland,172,269,639
105600,Matapouri-Tutukaka,Northland,99,158,627
105700,Kiripaka,Northland,70,123,569
105800,Kamo East,Northland,291,605,481
105900,Granfield Reserve,Northland,193,312,619
106000,Kamo Central,Northland,168,283,594
106100,Whau Valley,Northland,245,426,575
106200,Tikipunga North,Northland,327,620,527
106300,Pukenui,Northland,87,125,696
106400,Otangarei,Northland,332,715,464
106500,Tikipunga South,Northland,440,803,548
106600,Kensington (Whangarei District),Northland,290,490,592
106700,Abbey Caves-Glenbervie,Northland,53,91,582
106800,Mairtown,Northland,246,377,653
106900,Maunu-Horahora,Northland,221,358,617
107000,Woodhill-Vinetown,Northland,273,464,588
107100,Whang?rei Central,Northland,95,172,552
107200,Riverside,Northland,161,291,553
107300,Raumanga,Northland,403,852,473
107400,Tarewa,Northland,282,523,539
107500,Morningside (Whangarei District),Northland,280,522,536
107600,Ngunguru,Northland,71,116,612
107700,Otaika-Portland,Northland,119,188,633
107800,Oakleigh-Mangapai,Northland,85,149,570
107900,Port-Limeburners,Northland,Masked,Masked,Masked
108000,Pataua,Northland,58,113,513
108100,Onerahi Park,Northland,121,185,654
108200,Sherwood Rise,Northland,220,412,534
108300,Onerahi,Northland,184,353,521
108500,Parua Bay,Northland,144,205,702
108600,Bream Bay,Northland,135,228,592
108700,Marsden Bay,Northland,143,225,636
108800,Ruak?k?,Northland,227,407,558
108900,Bream Head,Northland,56,76,737
109000,Waipu,Northland,128,199,643
109100,Kaipara Coastal,Northland,265,491,540
109200,Maungaru,Northland,87,175,497
109300,Dargaville,Northland,392,813,482
109400,Ruawai-Matakohe,Northland,192,311,617
109500,Otamatea (Kaipara District),Northland,59,106,557
109600,Maungaturoto,Northland,62,123,504
109700,Kaiwaka,Northland,141,251,562
109800,Mangawhai Rural,Northland,63,116,543
109900,Mangawhai Heads,Northland,71,115,617
110100,Mangawhai,Northland,29,49,592
110200,Okahukura Peninsula,Waitemata,44,106,415
110400,Cape Rodney,Waitemata,156,264,591
110500,Wellsford,Waitemata,91,180,506
110700,South Head,Waitemata,132,261,506
110800,Kaipara Hills,Waitemata,83,180,461
110900,Dome Valley-Matakana,Waitemata,27,52,519
111100,Warkworth West,Waitemata,56,104,538
111200,Puhoi Valley,Waitemata,65,128,508
111300,Warkworth East,Waitemata,69,137,504
111400,Sandspit,Waitemata,Masked,Masked,Masked
111500,Tawharanui Peninsula,Waitemata,42,63,667
111600,Te Kuru,Waitemata,62,111,559
111700,Snells Beach,Waitemata,107,167,641
111800,Barrier Islands,Auckland,81,111,730
111900,Algies Bay-Scotts Landing,Waitemata,20,32,625
112100,Wainui-Waiwera,Waitemata,50,80,625
112200,Parakai,Waitemata,57,117,487
112300,Helensville Rural,Waitemata,54,83,651
112400,Helensville,Waitemata,157,284,553
112500,Waitoki,Waitemata,27,43,628
112600,Waikoukou Valley,Waitemata,34,59,576
112700,Orewa North,Waitemata,88,138,638
112800,Hatfields Beach,Waitemata,53,79,671
112900,Orewa South,Waitemata,59,100,590
113000,Orewa Central,Waitemata,83,118,703
113100,Millwater North,Waitemata,38,51,745
113200,Waipatukahu,Waitemata,79,124,637
113300,Millwater South,Waitemata,53,84,631
113400,Dairy Flat North,Waitemata,40,104,385
113500,Dairy Flat West,Waitemata,21,31,677
113600,Kingsway,Waitemata,36,64,562
113800,Silverdale Central (Auckland),Waitemata,14,32,438
113900,Red Beach West,Waitemata,49,77,636
114000,Red Beach East,Waitemata,95,145,655
114100,Silverdale South (Auckland),Waitemata,35,65,538
114200,Waimauku,Waitemata,39,64,609
114300,Gulf Islands,Auckland,Masked,Masked,Masked
114400,Vipond,Waitemata,81,126,643
114500,Muriwai,Waitemata,41,66,621
114600,Stanmore Bay West,Waitemata,79,142,556
114700,Kumeu Rural West,Waitemata,45,81,556
114800,Okura Bush,Waitemata,25,44,568
114900,Whangapar?oa Central,Waitemata,88,175,503
115000,Kumeu-Huapai,Waitemata,120,191,628
115100,Stanmore Bay East,Waitemata,78,148,527
115200,Manly West,Waitemata,60,112,536
115300,Muriwai Valley-Bethells Beach,Waitemata,27,52,519
115400,Tindalls-Matakatia,Waitemata,48,73,658
115500,Coatesville,Waitemata,31,49,633
115600,Dairy Flat South,Waitemata,25,44,568
115700,Gulf Harbour North,Waitemata,62,90,689
115800,Manly East,Waitemata,87,149,584
115900,Riverhead,Waitemata,73,136,537
116000,Army Bay,Waitemata,37,63,587
116100,Kumeu Rural East,Waitemata,78,132,591
116200,Gulf Harbour South,Waitemata,29,42,690
116300,Paremoremo West,Waitemata,18,32,562
116400,Taupaki,Waitemata,43,71,606
116500,Long Bay,Waitemata,Masked,Masked,Masked
116600,Paremoremo East,Waitemata,54,89,607
116700,Albany Heights,Waitemata,43,75,573
116800,Awaruku,Waitemata,63,103,612
116900,Fairview Heights,Waitemata,27,51,529
117000,Whenuapai,Waitemata,203,331,613
117100,Waitakere Ranges North,Waitemata,33,60,550
117200,Torbay,Waitemata,73,111,658
117300,Albany Central,Waitemata,48,80,600
117400,Albany West,Waitemata,24,49,490
117500,Glamorgan,Waitemata,64,92,696
117600,Oteha East,Waitemata,37,59,627
117700,Northcross,Waitemata,52,87,598
117800,Oteha West,Waitemata,Masked,Masked,Masked
117900,Waiake,Waitemata,51,88,580
118000,Waitakere,Waitemata,71,123,577
118100,Albany South,Waitemata,46,74,622
118200,Browns Bay South West,Waitemata,49,95,516
118300,Browns Bay Central,Waitemata,58,86,674
118400,Schnapper Rock,Waitemata,46,73,630
118500,Pinehill,Waitemata,30,50,600
118600,North Harbour,Waitemata,31,46,674
118700,Browns Bay South East,Waitemata,43,60,717
118800,Westgate Central,Waitemata,Masked,Masked,Masked
118900,Greenhithe West,Waitemata,57,93,613
119000,Rothesay Bay,Waitemata,31,49,633
119100,Greenhithe East,Waitemata,49,75,653
119200,Hobsonville,Waitemata,34,47,723
119400,Greenhithe South,Waitemata,34,59,576
119500,Murrays Bay West,Waitemata,39,63,619
119600,Westgate South,Waitemata,96,184,522
119700,Windsor Park,Waitemata,Masked,Masked,Masked
119800,West Harbour West,Waitemata,175,365,479
119900,Unsworth Heights West,Waitemata,24,40,600
120000,Murrays Bay East,Waitemata,32,52,615
120100,Birdwood West,Waitemata,46,69,667
120200,Hobsonville Point,Waitemata,151,209,722
120300,West Harbour Clearwater Cove,Waitemata,106,163,650
120400,Unsworth Heights East,Waitemata,77,131,588
120500,Mairangi Bay North,Waitemata,37,61,607
120600,Massey Central,Waitemata,147,316,465
120700,West Harbour Luckens Point,Waitemata,53,85,624
120800,Mairangi Bay South,Waitemata,42,72,583
120900,Massey Royal Road West,Waitemata,128,261,490
121000,Bayview East,Waitemata,75,135,556
121100,Swanson Rural,Waitemata,88,143,615
121200,Sunnynook South,Waitemata,46,79,582
121300,Sunnynook North,Waitemata,37,72,514
121400,Bayview West,Waitemata,45,76,592
121500,Totara Vale North,Waitemata,73,121,603
121600,Royal Heights North,Waitemata,178,318,560
121700,Massey West,Waitemata,50,117,427
121800,Beach Haven West,Waitemata,132,195,677
121900,Totara Vale South,Waitemata,78,153,510
122000,Swanson,Waitemata,119,201,592
122100,Bayview South,Waitemata,67,119,563
122200,Campbells Bay,Waitemata,55,71,775
122300,Royal Heights South,Waitemata,174,322,540
122400,Beach Haven East,Waitemata,205,393,522
122500,Massey East,Waitemata,157,311,505
122600,Forrest Hill North,Waitemata,40,57,702
122700,Glenfield North,Waitemata,56,111,505
122800,Birkdale North,Waitemata,189,302,626
122900,Massey South,Waitemata,227,434,523
123000,R?nui North,Waitemata,207,426,486
123100,Glenfield West,Waitemata,74,112,661
123200,Te Atat? Peninsula North West,Waitemata,212,340,624
123300,Glenfield South West,Waitemata,87,156,558
123400,Forrest Hill West,Waitemata,54,103,524
123500,Wairau Valley,Waitemata,Masked,Masked,Masked
123600,Forrest Hill East,Waitemata,44,73,603
123700,Castor Bay,Waitemata,70,100,700
123800,R?nui Domain,Waitemata,183,403,454
123900,Beach Haven South,Waitemata,94,141,667
124000,Glenfield Central,Waitemata,84,131,641
124100,Piha,Waitemata,47,70,671
124200,R?nui South West,Waitemata,126,249,506
124300,Henderson Larnoch,Waitemata,193,408,473
124400,Birkdale South,Waitemata,169,264,640
124500,Te Atat? Peninsula Central,Waitemata,237,426,556
124600,Glenfield East,Waitemata,44,79,557
124700,Henderson Valley,Waitemata,57,88,648
124800,Te Atat? Peninsula West,Waitemata,258,393,656
124900,Henderson Lincoln West,Waitemata,140,297,471
125000,R?nui South East,Waitemata,107,189,566
125100,Henderson Lincoln East,Waitemata,Masked,Masked,Masked
125200,Birkenhead West,Waitemata,108,160,675
125300,Te Atat? Peninsula East,Waitemata,145,223,650
125400,Milford West,Waitemata,52,67,776
125500,Westlake,Waitemata,35,57,614
125600,Hillcrest North (Auckland),Waitemata,74,112,661
125700,Henderson Lincoln South,Waitemata,111,182,610
125800,Hillcrest West (Auckland),Waitemata,62,104,596
125900,Milford Central,Waitemata,30,37,811
126000,Summerland South,Waitemata,83,144,576
126100,Summerland North,Waitemata,69,119,580
126200,Hillcrest East (Auckland),Waitemata,89,150,593
126300,Chatswood,Waitemata,53,79,671
126400,Te Atat? South-Edmonton,Waitemata,176,309,570
126500,Birkenhead North,Waitemata,72,107,673
126600,Takapuna West,Waitemata,68,108,630
126700,Henderson North,Waitemata,189,324,583
126800,Takapuna Central,Waitemata,44,64,688
126900,Western Heights (Auckland),Waitemata,139,243,572
127000,Te Atat? South-Central,Waitemata,206,317,650
127100,Northcote Central (Auckland),Waitemata,75,137,547
127200,Akoranga,Waitemata,55,78,705
127300,Northcote South (Auckland),Waitemata,54,87,621
127400,Birkenhead South,Waitemata,51,70,729
127500,Henderson Central,Waitemata,69,113,611
127600,Waiatarua,Waitemata,100,133,752
127700,Te Atat? South-McLeod North,Waitemata,146,267,547
127800,Henderson Valley Park,Waitemata,125,217,576
127900,Henderson North East,Waitemata,83,165,503
128000,Waitakere Ranges South,Waitemata,32,67,478
128100,Northcote Tuff Crater,Waitemata,36,63,571
128200,Northcote Point (Auckland),Waitemata,75,114,658
128300,McLaren Park,Waitemata,196,352,557
128400,Henderson East,Waitemata,117,198,591
128500,Te Atat? South-McLeod South,Waitemata,154,269,572
128600,Takapuna South,Waitemata,27,38,711
128700,Rosebank Peninsula,Auckland,Masked,Masked,Masked
128800,Hauraki,Waitemata,80,121,661
128900,Glendene North,Waitemata,192,341,563
129000,Sunnyvale West-Parrs Park,Waitemata,96,202,475
129100,Sunnyvale East,Waitemata,220,405,543
129200,Point Chevalier West,Auckland,125,171,731
129300,Belmont (Auckland),Waitemata,84,127,661
129400,Bayswater,Waitemata,104,145,717
129500,Glendene South,Waitemata,129,203,635
129600,Glen Eden West,Waitemata,174,301,578
129700,Herne Bay,Auckland,79,101,782
129800,Westmere North,Auckland,65,88,739
129900,Point Chevalier East,Auckland,175,233,751
130000,Oratia,Waitemata,40,63,635
130100,Glen Eden Rosier,Waitemata,139,261,533
130200,Saint Marys Bay,Auckland,55,65,846
130300,Westmere South-Western Springs,Auckland,127,175,726
130400,Ponsonby West,Auckland,69,103,670
130500,Kelston North,Waitemata,140,257,545
130600,Avondale Rosebank,Auckland,196,328,598
130700,Narrow Neck,Waitemata,109,143,762
130800,Glen Eden North,Waitemata,108,195,554
130900,Glen Eden Woodglen,Waitemata,167,282,592
131000,Kelston South,Waitemata,93,208,447
131100,Waterview,Auckland,171,284,602
131200,Ponsonby East,Auckland,104,143,727
131300,Wynyard-Viaduct,Auckland,41,45,911
131400,Stanley Point,Waitemata,37,54,685
131500,Glen Eden Central,Waitemata,114,217,525
131600,Grey Lynn North,Auckland,127,177,718
131700,Avondale West (Auckland),Auckland,150,260,577
131800,Freemans Bay,Auckland,156,219,712
131900,Mount Albert West,Auckland,122,165,739
132000,Avondale North (Auckland),Auckland,145,253,573
132100,Grey Lynn West,Auckland,117,186,629
132200,Mount Albert North,Auckland,137,195,703
132300,New Lynn North,Waitemata,108,195,554
132400,Victoria Park,Auckland,62,114,544
132500,Konini,Waitemata,107,189,566
132600,New Lynn North West,Waitemata,99,153,647
132700,Hobson Ridge North,Auckland,49,102,480
132800,Grey Lynn Central,Auckland,108,163,663
132900,Fruitvale,Waitemata,103,190,542
133000,Devonport,Waitemata,83,114,728
133100,Avondale Central (Auckland),Auckland,107,170,629
133200,Queen Street,Auckland,53,100,530
133300,Quay Street-Customs Street,Auckland,47,75,627
133400,Hobson Ridge Central,Auckland,99,186,532
133500,Grey Lynn East,Auckland,77,110,700
133600,Morningside (Auckland),Auckland,162,227,714
133700,Shortland Street,Auckland,59,94,628
133800,Hobson Ridge South,Auckland,42,85,494
133900,New Lynn Central,Waitemata,19,39,487
134000,Cheltenham,Waitemata,37,50,740
134100,Queen Street South West,Auckland,59,103,573
134200,Mount Albert Central,Auckland,112,163,687
134300,Karangahape,Auckland,73,129,566
134400,Kingsland,Auckland,149,215,693
134500,Anzac Avenue,Auckland,90,145,621
134600,Waima-Woodlands Park,Waitemata,58,87,667
134700,Kaurilands,Waitemata,121,181,669
134800,Auckland-University,Auckland,Masked,Masked,Masked
134900,New Lynn Seabrook,Waitemata,86,146,589
135000,Avondale South (Auckland),Auckland,103,190,542
135100,Symonds Street North West,Auckland,67,118,568
135200,Mount Albert South,Auckland,57,89,640
135300,Symonds Street West,Auckland,80,162,494
135400,West Lynn,Waitemata,112,161,696
135500,?wairaka West,Auckland,82,136,603
135600,New Lynn Central South,Waitemata,82,157,522
135700,The Strand,Auckland,40,78,513
135800,St Lukes,Auckland,46,79,582
135900,Symonds Street East,Auckland,92,164,561
136000,Eden Terrace,Auckland,140,228,614
136100,Grafton,Auckland,66,91,725
136200,Eden Park,Auckland,49,79,620
136300,Sandringham North,Auckland,90,132,682
136400,Parnell West,Auckland,116,201,577
136500,New Lynn South,Waitemata,127,236,538
136600,New Windsor North,Auckland,74,133,556
136700,Titirangi South,Waitemata,78,121,645
136800,?wairaka East,Auckland,58,89,652
136900,Eden Valley,Auckland,83,113,735
137000,Sandringham Central,Auckland,67,90,744
137100,Glenavon,Auckland,73,156,468
137200,Blockhouse Bay North,Auckland,66,112,589
137300,Green Bay North,Waitemata,54,91,593
137400,Parnell East,Auckland,63,90,700
137500,Laingholm,Waitemata,54,91,593
137600,Sandringham West,Auckland,62,97,639
137700,Mount Eden North East,Auckland,48,70,686
137800,Mount Eden North,Auckland,68,100,680
137900,Wesley West,Auckland,71,136,522
138000,Green Bay South,Waitemata,67,119,563
138100,Balmoral,Auckland,76,108,704
138200,Sandringham East,Auckland,81,131,618
138300,New Windsor South,Auckland,82,147,558
138400,Mount Eden West,Auckland,66,87,759
138500,Newmarket,Auckland,55,70,786
138600,Blockhouse Bay North East,Auckland,43,69,623
138700,Epsom North,Auckland,55,87,632
138800,Wesley South,Auckland,Masked,Masked,Masked
138900,Blockhouse Bay South,Auckland,63,115,548
139000,Mount Eden East,Auckland,71,98,724
139100,Wesley East,Auckland,71,117,607
139200,Orakei West,Auckland,82,132,621
139300,Maungawhau,Auckland,50,69,725
139400,Remuera West,Auckland,32,48,667
139500,Blockhouse Bay East,Auckland,22,35,629
139600,Lynfield North,Auckland,43,70,614
139700,Mount Roskill North,Auckland,85,137,620
139800,Mount Roskill White Swan,Auckland,67,106,632
139900,Mount Eden South,Auckland,85,104,817
140000,Remuera Waitaramoa,Auckland,57,78,731
140100,Orakei East,Auckland,320,481,665
140200,Epsom Central-North,Auckland,41,55,745
140300,Mount St John,Auckland,95,147,646
140400,Mount Roskill Central North,Auckland,64,92,696
140500,Remuera North,Auckland,37,52,712
140600,Three Kings West,Auckland,83,129,643
140700,Mount Roskill Central South,Auckland,42,86,488
140800,Epsom Central-South,Auckland,44,61,721
140900,Lynfield South,Auckland,68,99,687
141000,Remuera South,Auckland,59,85,694
141100,Mission Bay,Auckland,70,93,753
141200,Three Kings East,Auckland,32,37,865
141300,Mount Roskill South,Auckland,42,71,592
141500,Epsom East,Auckland,55,77,714
141600,Remuera Waiata,Auckland,37,46,804
141700,Epsom South,Auckland,58,90,644
141800,Kohimarama,Auckland,52,72,722
141900,Meadowbank West,Auckland,57,89,640
142000,Hillsborough North (Auckland),Auckland,49,84,583
142100,Hillsborough West (Auckland),Auckland,44,87,506
142200,Greenlane North,Auckland,65,100,650
142300,Waikowhai North,Auckland,69,131,527
142400,Remuera East,Auckland,40,48,833
142500,Waikowhai South,Auckland,33,51,647
142600,Royal Oak West (Auckland),Auckland,56,92,609
142700,Saint Heliers West,Auckland,43,57,754
142800,One Tree Hill,Auckland,113,180,628
142900,Hillsborough East (Auckland),Auckland,30,63,476
143000,Saint Heliers North,Auckland,45,56,804
143100,Remuera Abbotts Park,Auckland,71,109,651
143200,Meadowbank East,Auckland,63,82,768
143300,Ellerslie Central,Auckland,93,138,674
143400,Royal Oak East (Auckland),Auckland,75,111,676
143500,Saint Heliers South,Auckland,59,78,756
143600,Hillsborough South (Auckland),Auckland,53,87,609
143700,Saint Johns West,Auckland,43,66,652
143800,Greenlane South,Auckland,88,135,652
143900,Remuera Waiatarua,Auckland,34,51,667
144000,Glendowie North,Auckland,56,69,812
144100,Onehunga West,Auckland,138,220,627
144200,Ellerslie West,Auckland,Masked,Masked,Masked
144300,Onehunga North,Auckland,138,190,726
144400,Ellerslie East,Auckland,51,81,630
144500,Saint Johns East,Auckland,75,124,605
144600,Oneroa West,Auckland,41,69,594
144700,Glen Innes West,Auckland,190,378,503
144800,Ellerslie South,Auckland,59,96,615
144900,Stonefields West,Auckland,31,39,795
145000,Onehunga Central,Auckland,142,212,670
145100,Glendowie South,Auckland,83,134,619
145200,Oranga,Auckland,130,219,594
145300,Mount Wellington North West,Auckland,57,94,606
145400,Panmure Glen Innes Industrial,Auckland,22,43,512
145500,Onehunga-Te Papapa Industrial,Auckland,54,86,628
145600,Te Papapa,Auckland,138,214,645
145700,Stonefields East,Auckland,23,27,852
145800,Glen Innes East-Wai O Taiki Bay,Auckland,229,409,560
145900,Penrose,Auckland,30,49,612
146000,Mount Wellington North East,Auckland,55,86,640
146100,M?ngere Bridge Ambury,Counties Manukau,199,310,642
146200,Mount Wellington Ferndale,Auckland,145,240,604
146300,Point England,Auckland,250,536,466
146400,Bucklands Beach North,Counties Manukau,31,41,756
146500,Mount Wellington East,Auckland,71,134,530
146600,Mount Wellington West,Auckland,106,199,533
146700,Panmure West,Auckland,Masked,Masked,Masked
146800,M?ngere Bridge,Counties Manukau,215,317,678
146900,Oneroa East-Palm Beach,Auckland,21,50,420
147000,Tamaki,Auckland,263,506,520
147100,Panmure East,Auckland,145,253,573
147200,Mount Wellington Central,Auckland,190,309,615
147400,Sylvia Park,Auckland,Masked,Masked,Masked
147500,M?ngere Mountain View,Counties Manukau,244,413,591
147600,Surfdale,Auckland,79,129,612
147700,Mount Wellington Industrial,Auckland,Masked,Masked,Masked
147800,Half Moon Bay West,Counties Manukau,41,63,651
147900,Auckland Airport,Counties Manukau,87,180,483
148000,Eastern Beach,Counties Manukau,25,37,676
148100,Sunnyhills West-Pakuranga North,Counties Manukau,72,114,632
148200,Favona North,Counties Manukau,130,221,588
148300,Bucklands Beach Central,Counties Manukau,Masked,Masked,Masked
148400,Farm Cove,Counties Manukau,39,50,780
148500,M?ngere North,Counties Manukau,88,184,478
148600,Favona West,Counties Manukau,101,226,447
148700,Ostend,Auckland,78,124,629
148800,Half Moon Bay North East,Counties Manukau,11,21,524
148900,M?ngere West,Counties Manukau,183,374,489
149000,Pakuranga West,Counties Manukau,163,291,560
149100,Mount Wellington South West,Auckland,110,225,489
149200,Sunnyhills East,Counties Manukau,55,102,539
149300,Half Moon Bay South East,Counties Manukau,71,111,640
149400,Favona East,Counties Manukau,118,242,488
149500,Mount Wellington South East,Auckland,169,316,535
149600,?t?huhu Industrial,Counties Manukau,Masked,Masked,Masked
149700,Bucklands Beach South,Counties Manukau,37,72,514
149800,Pakuranga Central,Counties Manukau,100,188,532
149900,?whitu,Counties Manukau,112,170,659
150000,Harania North,Counties Manukau,118,254,465
150100,?t?huhu Central,Auckland,117,223,525
150200,M?ngere Central,Counties Manukau,159,312,510
150300,?t?huhu North,Auckland,132,249,530
150400,Howick West,Counties Manukau,65,112,580
150500,Pakuranga Heights North West,Counties Manukau,56,135,415
150600,Mellons Bay,Counties Manukau,53,77,688
150700,Pakuranga Heights East,Counties Manukau,100,181,552
150800,Sutton Park,Counties Manukau,139,275,505
150900,?t?huhu East,Auckland,102,194,526
151000,M?ngere South,Counties Manukau,102,231,442
151100,Onetangi,Auckland,38,70,543
151200,Harania South,Counties Manukau,149,297,502
151300,Highland Park (Auckland),Counties Manukau,74,119,622
151400,?t?huhu South West,Auckland,218,366,596
151500,Pakuranga Heights South West,Counties Manukau,101,173,584
151600,M?ngere Mascot,Counties Manukau,148,287,516
151700,Waiheke East,Auckland,24,44,545
151800,Massey Road West,Counties Manukau,131,289,453
151900,?t?huhu South,Auckland,180,317,568
152000,Howick Central,Counties Manukau,71,113,628
152100,Massey Road North,Counties Manukau,145,269,539
152200,Botany Downs West,Counties Manukau,48,73,658
152300,East Tamaki,Counties Manukau,Masked,Masked,Masked
152400,Howick East,Counties Manukau,78,120,650
152500,Burswood,Counties Manukau,24,42,571
152600,Massey Road South,Counties Manukau,77,135,570
152700,Middlemore,Counties Manukau,Masked,Masked,Masked
152800,M?ngere South East,Counties Manukau,146,255,573
152900,Botany Downs East,Counties Manukau,36,49,735
153000,Grange,Counties Manukau,90,172,523
153100,Golflands,Counties Manukau,47,61,770
153200,Aorere North,Counties Manukau,66,130,508
153300,M?ngere East,Counties Manukau,133,261,510
153400,Cockle Bay,Counties Manukau,77,116,664
153500,?tara West,Counties Manukau,167,378,442
153600,Aorere Central,Counties Manukau,98,186,527
153700,Northpark North,Counties Manukau,36,51,706
153800,Somerville,Counties Manukau,55,79,696
153900,Northpark South,Counties Manukau,24,29,828
154000,Papatoetoe North,Counties Manukau,158,302,523
154100,Dingwall,Counties Manukau,120,189,635
154200,Aorere South,Counties Manukau,202,374,540
154300,Shelly Park,Counties Manukau,48,67,716
154400,?tara Central,Counties Manukau,143,278,514
154500,Huntington Park,Counties Manukau,33,54,611
154600,Botany Central,Counties Manukau,Masked,Masked,Masked
154700,Botany North,Counties Manukau,35,56,625
154800,Papatoetoe West,Counties Manukau,193,331,583
154900,Papatoetoe Central,Counties Manukau,201,329,611
155000,Sunkist Bay,Counties Manukau,101,150,673
155100,?tara East,Counties Manukau,184,392,469
155200,Redcastle,Counties Manukau,64,90,711
155300,Botany East,Counties Manukau,26,43,605
155400,Botany South,Counties Manukau,51,77,662
155500,Manukau Central,Counties Manukau,87,172,506
155600,Papatoetoe East,Counties Manukau,179,298,601
155700,?tara South,Counties Manukau,147,317,464
155800,Ferguson,Counties Manukau,199,450,442
155900,Papatoetoe South West,Counties Manukau,149,281,530
156000,Botany Junction,Counties Manukau,Masked,Masked,Masked
156100,Dannemora North,Counties Manukau,26,50,520
156200,Papatoetoe South,Counties Manukau,148,259,571
156300,East Tamaki Heights,Counties Manukau,26,36,722
156400,Te Puru,Counties Manukau,93,146,637
156500,Puhinui North,Counties Manukau,131,214,612
156600,Dannemora South,Counties Manukau,25,51,490
156700,Puhinui South,Counties Manukau,90,176,511
156800,Rongomai West,Counties Manukau,130,260,500
156900,Baverstock,Counties Manukau,66,115,574
157000,Puhinui East,Counties Manukau,70,121,579
157100,Turanga,Counties Manukau,77,132,583
157200,Rongomai East,Counties Manukau,59,134,440
157300,Ormiston North,Counties Manukau,31,49,633
157400,Maraetai,Counties Manukau,67,108,620
157500,Chapel Downs,Counties Manukau,89,161,553
157600,Wiri West,Counties Manukau,114,219,521
157700,Clover Park North,Counties Manukau,215,431,499
157800,Mission Heights North,Counties Manukau,44,85,518
157900,Clover Park South,Counties Manukau,163,312,522
158000,Donegal Park,Counties Manukau,53,92,576
158100,Ormiston South,Counties Manukau,72,127,567
158200,Mission Heights South,Counties Manukau,40,68,588
158300,Hilltop (Auckland),Counties Manukau,80,168,476
158400,Wiri East,Counties Manukau,232,510,455
158500,Goodwood Heights,Counties Manukau,134,250,536
158600,Ormiston East,Counties Manukau,46,81,568
158700,Clendon Park North,Counties Manukau,231,491,470
158800,Burbank,Counties Manukau,282,577,489
158900,Tuscany Heights,Counties Manukau,27,53,509
159000,Totara Heights,Counties Manukau,116,203,571
159100,Homai East,Counties Manukau,164,302,543
159200,Homai West,Counties Manukau,283,649,436
159300,The Gardens (Auckland),Counties Manukau,113,189,598
159400,Clarks Beach,Counties Manukau,69,122,566
159500,Clendon Park West,Counties Manukau,159,391,407
159600,Hillpark North,Counties Manukau,113,181,624
159700,Clendon Park East,Counties Manukau,101,229,441
159800,Karaka Creek,Counties Manukau,34,51,667
159900,Rowandale West,Counties Manukau,236,517,456
160000,Rowandale East,Counties Manukau,273,544,502
160100,Manurewa Central,Counties Manukau,211,371,569
160200,Weymouth North,Counties Manukau,317,672,472
160300,Hillpark South,Counties Manukau,195,289,675
160400,Alfriston,Counties Manukau,123,210,586
160500,Weymouth East,Counties Manukau,205,442,464
160600,Leabank,Counties Manukau,312,623,501
160700,Weymouth South,Counties Manukau,289,535,540
160800,Manurewa East,Counties Manukau,206,397,519
160900,Manurewa South,Counties Manukau,288,583,494
161000,Randwick Park East,Counties Manukau,101,220,459
161100,Wattle Downs West,Counties Manukau,178,313,569
161200,Wattle Downs North,Counties Manukau,221,428,516
161300,Randwick Park West,Counties Manukau,236,537,439
161400,Kingseat-Karaka,Counties Manukau,124,222,559
161500,Wattle Downs East,Counties Manukau,143,253,565
161600,Takanini North,Counties Manukau,143,296,483
161700,Takanini Industrial,Counties Manukau,Masked,Masked,Masked
161800,Conifer Grove West,Counties Manukau,137,198,692
161900,Conifer Grove East,Counties Manukau,178,297,599
162000,Takanini West,Counties Manukau,199,366,544
162100,Takanini South,Counties Manukau,171,336,509
162200,Takanini Central,Counties Manukau,52,78,667
162300,Ardmore,Counties Manukau,77,130,592
162400,Glenbrook,Counties Manukau,73,141,518
162500,Hingaia,Counties Manukau,55,109,505
162600,Takanini South East,Counties Manukau,139,296,470
162700,Kawakawa Bay-Orere,Counties Manukau,116,169,686
162800,Papakura West,Counties Manukau,157,244,643
162900,Clevedon,Counties Manukau,35,55,636
163000,Papakura North,Counties Manukau,295,609,484
163100,Pahurehure,Counties Manukau,174,289,602
163200,Papakura Central,Counties Manukau,293,520,563
163300,Papakura North East,Counties Manukau,228,443,515
163400,Karaka Lakes,Counties Manukau,68,119,571
163500,Papakura Kelvin,Counties Manukau,411,962,427
163600,Papakura Massey Park,Counties Manukau,221,459,481
163700,Rosehill,Counties Manukau,285,614,464
163800,Patumahoe,Counties Manukau,75,115,652
163900,Papakura East,Counties Manukau,179,392,457
164000,?paheke,Counties Manukau,154,320,481
164100,Papakura Industrial,Counties Manukau,11,35,314
164200,Red Hill,Counties Manukau,223,466,479
164300,Drury,Counties Manukau,91,160,569
164400,Tamakae,Counties Manukau,140,215,651
164500,Hamilton Estate,Counties Manukau,165,293,563
164600,Drury Rural,Counties Manukau,134,237,565
164700,Waiuku Central,Counties Manukau,61,108,565
164800,Waiuku East,Counties Manukau,96,172,558
164900,Kendallvale,Counties Manukau,33,51,647
165000,Puni,Counties Manukau,68,112,607
165100,Ramarama,Counties Manukau,71,111,640
165200,Hunua,Counties Manukau,49,79,620
165300,Pukekohe North West,Counties Manukau,310,629,493
165400,Anselmi Ridge,Counties Manukau,55,86,640
165500,Pukekohe West,Counties Manukau,375,806,465
165600,Cape Hill,Counties Manukau,43,87,494
165700,Rosa Birch Park,Counties Manukau,95,163,583
165800,Rooseville Park,Counties Manukau,142,236,602
165900,Cloverlea (Auckland),Counties Manukau,59,107,551
166000,Pukekohe Central,Counties Manukau,25,42,595
166100,Pukekohe Hospital,Counties Manukau,55,97,567
166200,Buckland,Counties Manukau,55,91,604
166300,Bombay Hills,Counties Manukau,54,94,574
166400,Ararimu,Counties Manukau,62,92,674
166500,Colville,Waikato,206,318,648
166700,Coromandel,Waikato,122,223,547
166900,Mercury Bay North,Waikato,46,63,730
167000,Whitianga North,Waikato,48,77,623
167100,Whitianga South,Waikato,140,233,601
167200,Thames Coast,Waikato,133,193,689
167300,Cooks Beach-Ferry Landing,Waikato,Masked,Masked,Masked
167400,Mercury Bay South,Waikato,34,53,642
167500,Kauaeranga,Waikato,28,39,718
167600,Thames North,Waikato,123,175,703
167700,Thames Central,Waikato,85,123,691
167800,Thames South,Waikato,214,339,631
167900,Hikuai,Waikato,Masked,Masked,Masked
168000,Totora-Kopu,Waikato,64,81,790
168100,Tairua,Waikato,40,67,597
168200,Pauanui,Waikato,Masked,Masked,Masked
168300,Matatoki-Puriri,Waikato,53,85,624
168400,Whangamat? Rural,Waikato,25,50,500
168500,Whangamat?,Waikato,165,287,575
168600,Miranda-P?korokoro,Counties Manukau,96,148,649
168700,Hauraki Plains North,Waikato,50,86,581
168800,Hauraki Plains East,Waikato,78,113,690
168900,Ngatea,Waikato,76,123,618
169000,Hauraki Plains South,Waikato,83,163,509
169100,Paeroa Rural,Waikato,99,184,538
169200,Paeroa,Waikato,413,683,605
169300,Waihi Rural,Waikato,74,137,540
169400,Waihi North,Waikato,95,175,543
169500,Waihi East,Waikato,49,113,434
169600,Waihi South,Waikato,107,203,527
169700,Aka Aka,Counties Manukau,112,176,636
169800,Mangatangi,Counties Manukau,62,104,596
169900,Tuakau Rural,Counties Manukau,40,83,482
170000,Tuakau North,Counties Manukau,224,472,475
170100,Onewhero,Counties Manukau,92,167,551
170200,P?keno Rural,Counties Manukau,83,146,568
170300,Tuakau South,Counties Manukau,182,364,500
170400,Port Waikato-Waikaretu,Counties Manukau,75,156,481
170500,P?keno,Counties Manukau,171,298,574
170600,Pukekawa,Counties Manukau,76,127,598
170700,Maramarua,Waikato,111,217,512
170800,Rangiriri,Waikato,99,180,550
170900,Te ?kau,Waikato,95,187,508
171100,Te Kauwhata,Waikato,94,194,485
171200,Huntly Rural,Waikato,178,295,603
171300,Waerenga,Waikato,33,56,589
171400,Huntly West,Waikato,551,1120,492
171500,Huntly East,Waikato,524,931,563
171600,Raglan,Waikato,198,393,504
171700,Whitikahu,Waikato,52,98,531
171800,Te Uku,Waikato,141,252,560
171900,Taupiri-Lake Kainui,Waikato,216,400,540
172000,Ng?ruaw?hia North,Waikato,338,641,527
172100,Ng?ruaw?hia Central,Waikato,372,766,486
172200,Ng?ruaw?hia South,Waikato,228,497,459
172300,Kainui-Gordonton,Waikato,57,116,491
172400,Te Kowhai,Waikato,91,143,636
172500,Whatawhata West,Waikato,18,33,545
172600,Horotiu,Waikato,60,112,536
172700,Horsham Downs,Waikato,21,34,618
172800,Whatawhata East,Waikato,160,299,535
172900,Rotokauri,Waikato,30,53,566
173000,Hamilton Park,Waikato,34,66,515
173100,Eureka-Tauwhare,Waikato,42,76,553
173200,Tamahere North,Waikato,118,165,715
173300,Pukemoremore,Waikato,146,241,606
173400,Tamahere South,Waikato,54,83,651
173500,Tahuna-Mangateparu,Waikato,40,70,571
173600,Mangaiti,Waikato,21,68,309
173700,Tatuanui,Waikato,54,99,545
173800,Tahuroa,Waikato,52,118,441
173900,Morrinsville East,Waikato,151,282,535
174000,Morrinsville West,Waikato,167,350,477
174100,Te Aroha East,Waikato,124,231,537
174200,Te Aroha West,Waikato,71,119,597
174300,Waihou-Manawaru,Waikato,27,54,500
174400,Waitoa-Ngarua,Waikato,36,77,468
174500,Richmond Downs-Wardville,Waikato,50,97,515
174600,Waharoa-Peria,Waikato,114,263,433
174700,Okauia,Waikato,31,56,554
174800,Hinuera,Waikato,25,54,463
174900,Matamata North,Waikato,103,216,477
175000,Matamata South,Waikato,201,366,549
175100,Te Poi,Waikato,44,78,564
175200,Te Rapa North,Waikato,Masked,Masked,Masked
175300,Flagstaff North,Waikato,84,149,564
175400,Rotokauri-Waiwhakareke,Waikato,49,83,590
175500,Flagstaff South,Waikato,77,118,653
175600,Rototuna North,Waikato,39,80,488
175700,Pukete West,Waikato,105,226,465
175800,Flagstaff East,Waikato,124,219,566
175900,Rototuna Central,Waikato,130,221,588
176000,Pukete East,Waikato,90,178,506
176100,Te Manatu,Waikato,137,235,583
176200,Rototuna South,Waikato,152,212,717
176300,Te Rapa South,Waikato,Masked,Masked,Masked
176400,Saint Andrews West,Waikato,207,426,486
176500,Saint Andrews East,Waikato,98,188,521
176600,Queenwood (Hamilton City),Waikato,90,167,539
176700,St James,Waikato,41,71,577
176800,Crawshaw,Waikato,264,660,400
176900,Huntington,Waikato,75,107,701
177000,Western Heights (Hamilton City),Waikato,179,285,628
177100,Nawton West,Waikato,259,521,497
177200,Nawton East,Waikato,396,788,503
177300,Chartwell,Waikato,177,389,455
177400,Forest Lake (Hamilton City),Waikato,169,313,540
177500,Chedworth,Waikato,67,113,593
177600,Beerescourt,Waikato,109,206,529
177700,Miropiko,Waikato,155,262,592
177800,Porritt,Waikato,159,342,465
177900,Dinsdale North,Waikato,347,692,501
178000,Maeroa,Waikato,284,536,530
178100,Dinsdale South,Waikato,301,536,562
178200,Fairfield (Hamilton City),Waikato,408,819,498
178300,Whitiora,Waikato,167,322,519
178400,Enderley North,Waikato,249,538,463
178500,Fairview Downs,Waikato,245,454,540
178600,Temple View,Waikato,245,480,510
178700,Swarbrick,Waikato,251,460,546
178800,Kahikatea,Waikato,281,594,473
178900,Frankton Junction,Waikato,55,103,534
179000,Kirikiriroa,Waikato,37,82,451
179100,Enderley South,Waikato,260,570,456
179200,Ruakura,Waikato,102,199,513
179300,Claudelands,Waikato,206,372,554
179400,Hamilton Central,Waikato,48,103,466
179500,Hamilton Lake,Waikato,211,336,628
179600,Peachgrove,Waikato,182,334,545
179700,Hamilton East Village,Waikato,227,404,562
179800,Hamilton West,Waikato,96,178,539
179900,Greensboro,Waikato,251,576,436
180000,Hamilton East Cook,Waikato,176,338,521
180100,Melville North,Waikato,183,384,477
180200,Hamilton East,Waikato,245,403,608
180300,Melville South,Waikato,195,395,494
180400,Deanwell,Waikato,135,278,486
180500,Bader,Waikato,217,500,434
180600,Hillcrest West (Hamilton City),Waikato,106,224,473
180700,Hillcrest East (Hamilton City),Waikato,161,297,542
180800,Silverdale (Hamilton City),Waikato,113,229,493
180900,Glenview,Waikato,125,274,456
181000,Resthill,Waikato,142,260,546
181100,Fitzroy,Waikato,181,287,631
181200,Riverlea,Waikato,90,143,629
181300,Peacockes,Waikato,13,26,500
181400,Te Pahu,Waikato,22,52,423
181500,Ngahinapouri,Waikato,49,79,620
181600,Lake Cameron,Waikato,37,65,569
181700,Lake Ngaroto,Waikato,25,51,490
181800,Kaipaki,Waikato,46,67,687
181900,Pirongia,Waikato,35,60,583
182000,Hautapu Rural,Waikato,Masked,Masked,Masked
182100,Pokuru,Waikato,42,72,583
182200,Te Rahu,Waikato,25,46,543
182300,Fencourt,Waikato,22,33,667
182400,Hautapu,Waikato,Masked,Masked,Masked
182500,Karapiro,Waikato,50,84,595
182600,Cambridge North,Waikato,45,72,625
182700,Cambridge West,Waikato,60,99,606
182800,Cambridge East,Waikato,85,154,552
182900,Cambridge Park-River Garden,Waikato,28,50,560
183000,Oaklands-St Kilda,Waikato,36,52,692
183100,Pukerimu,Waikato,17,35,486
183200,Cambridge Central,Waikato,22,36,611
183300,Te Awamutu North,Waikato,61,113,540
183400,Te Awamutu West,Waikato,83,178,466
183500,Leamington West,Waikato,59,95,621
183600,Goodfellow Park,Waikato,103,188,548
183700,Leamington South,Waikato,60,97,619
183800,Leamington Central,Waikato,109,183,596
183900,Leamington East,Waikato,61,92,663
184000,Te Awamutu Stadium,Waikato,101,181,558
184100,Te Awamutu Central,Waikato,35,50,700
184200,Pekerau,Waikato,161,299,538
184300,Fraser Street,Waikato,105,149,705
184400,Sherwin Park,Waikato,138,252,548
184500,St Leger,Waikato,17,41,415
184600,Rotoorangi,Waikato,53,98,541
184700,Tokanui,Waikato,56,105,533
184800,Kihikihi Central,Waikato,240,414,580
184900,Maungatautari,Waikato,29,62,468
185000,Rotongata,Waikato,35,62,565
185200,Pirongia Forest,Waikato,151,222,680
185300,Honikiwi,Waikato,71,170,418
185400,Te Kawa,Waikato,45,77,584
185500,Otorohanga,Waikato,367,691,531
185600,Maihiihi,Waikato,84,139,604
185700,Puniu,Waikato,26,57,456
185800,T?rau,Waikato,97,185,524
185900,Put?ruru Rural,Waikato,123,222,554
186000,Put?ruru,Waikato,398,725,549
186100,Kinleith,Waikato,54,123,439
186200,Paraonui,Waikato,157,312,503
186300,Parkdale,Waikato,92,182,505
186400,Matarawa,Waikato,247,490,504
186500,Stanley Park,Waikato,263,492,535
186600,Strathmore (South Waikato District),Waikato,278,578,481
186700,Tokoroa Central,Waikato,121,244,496
186800,Moananui,Waikato,338,668,506
187000,Herangi,Waikato,103,177,582
187100,Hangatiki,Waikato,134,234,573
187200,Aria,Waikato,129,246,524
187300,Te Kuiti West,Waikato,305,605,504
187400,Te Kuiti East,Waikato,298,611,488
187500,Waipa Valley,Waikato,83,171,485
187600,Tiroa,Waikato,Masked,Masked,Masked
187700,Marotiri,Lakes,204,379,538
187800,Ohakuri,Lakes,72,173,416
187900,Lake Taupo Bays,Lakes,187,311,601
188000,Mapara,Lakes,41,85,482
188200,Wairakei-Broadlands,Lakes,94,175,537
188300,Acacia Bay,Lakes,48,88,545
188400,Brentwood (Taupo District),Lakes,114,175,651
188500,Nukuhau-Rangatira Park,Lakes,152,272,559
188600,Taup? Central West,Lakes,23,55,418
188700,Tauhara,Lakes,176,367,480
188800,Taup? Central East,Lakes,219,419,523
188900,Mountview,Lakes,225,473,476
189000,Bird Area,Lakes,103,185,557
189100,Hilltop (Taupo District),Lakes,166,300,553
189200,Waipahihi,Lakes,96,168,571
189300,Richmond Heights,Lakes,140,268,522
189400,Wharewaka,Lakes,48,71,676
189600,Waitahanui,Lakes,97,195,497
189700,T?rangi,Lakes,575,1067,539
189800,Rangataiki,Lakes,Masked,Masked,Masked
189900,Taharua,Lakes,Masked,Masked,Masked
190100,Waiau,Bay of Plenty,19,47,404
190200,Waihi Beach-Bowentown,Bay of Plenty,93,153,608
190300,Tahawai,Bay of Plenty,40,88,455
190400,Athenree,Bay of Plenty,32,48,667
190500,Aongatete,Bay of Plenty,98,182,538
190600,Katikati,Bay of Plenty,142,287,495
190800,Matakana Island,Bay of Plenty,63,92,685
190900,Pahoia,Bay of Plenty,80,147,544
191000,Omokoroa,Bay of Plenty,92,145,634
191100,Omokoroa Rural,Bay of Plenty,43,86,500
191200,Te Puna,Bay of Plenty,197,385,512
191300,Minden,Bay of Plenty,77,124,621
191400,Kaimai,Bay of Plenty,71,126,563
191500,Kopurererua,Bay of Plenty,28,69,406
191600,Kaitemako (Western Bay of Plenty District),Bay of Plenty,90,157,573
191700,Waiorohi,Bay of Plenty,82,179,458
191800,Otawa,Bay of Plenty,59,120,492
191900,Te Puke West,Bay of Plenty,285,532,536
192000,Rangiuru,Bay of Plenty,238,399,596
192100,Te Puke East,Bay of Plenty,330,583,566
192300,Maketu,Bay of Plenty,308,458,672
192400,Pukehina Beach,Bay of Plenty,54,93,581
192500,Pongakawa,Bay of Plenty,173,321,539
192600,Matua North,Bay of Plenty,66,108,611
192800,Mount Maunganui North,Bay of Plenty,139,242,574
192900,Matua South,Bay of Plenty,75,135,556
193000,Bethlehem North,Bay of Plenty,159,270,589
193100,Bellevue,Bay of Plenty,191,353,541
193200,Ot?moetai North,Bay of Plenty,128,216,593
193300,Ot?moetai South,Bay of Plenty,120,213,563
193400,Brookfield West,Bay of Plenty,117,267,438
193500,Bethlehem Central,Bay of Plenty,78,117,667
193600,Brookfield East,Bay of Plenty,151,255,592
193700,Mount Maunganui South,Bay of Plenty,87,158,551
193800,Tauranga Central,Bay of Plenty,100,181,552
193900,Mount Maunganui Central,Bay of Plenty,23,40,575
194000,Judea,Bay of Plenty,139,268,519
194100,Te Reti,Bay of Plenty,121,223,543
194200,Bethlehem South,Bay of Plenty,24,46,522
194300,Omanu Beach,Bay of Plenty,89,158,563
194400,Tauranga Hospital,Bay of Plenty,124,241,515
194500,Tauriko,Bay of Plenty,Masked,Masked,Masked
194600,Gate Pa,Bay of Plenty,284,547,519
194700,Greerton South,Bay of Plenty,44,72,611
194800,Tauranga South,Bay of Plenty,245,442,554
194900,Arataki North,Bay of Plenty,147,275,535
195000,Matapihi,Bay of Plenty,173,342,506
195100,Pyes Pa West,Bay of Plenty,157,273,575
195200,Greerton North,Bay of Plenty,181,338,536
195300,Yatton Park,Bay of Plenty,195,433,450
195400,Pyes Pa North,Bay of Plenty,143,263,544
195500,Arataki South,Bay of Plenty,176,339,519
195600,Pyes Pa South,Bay of Plenty,40,65,615
195700,Poike,Bay of Plenty,51,128,398
195800,Te Maunga North,Bay of Plenty,173,338,512
195900,Maungatapu,Bay of Plenty,226,377,599
196000,Hairini,Bay of Plenty,209,407,514
196100,Pyes Pa East,Bay of Plenty,42,91,462
196200,Te Maunga South,Bay of Plenty,157,285,551
196300,Kaitemako (Tauranga City),Bay of Plenty,88,162,543
196400,Ohauiti,Bay of Plenty,100,182,549
196500,Baypark-Kairua,Bay of Plenty,110,190,579
196600,Welcome Bay West,Bay of Plenty,155,293,529
196700,Welcome Bay East,Bay of Plenty,141,307,459
196800,Pacific View,Bay of Plenty,101,182,555
196900,Welcome Bay South,Bay of Plenty,147,261,563
197000,Palm Beach North,Bay of Plenty,184,371,496
197100,Palm Beach South-Gravatt,Bay of Plenty,141,224,629
197200,Papamoa Beach North,Bay of Plenty,119,268,444
197300,Doncaster,Bay of Plenty,133,269,494
197400,Papamoa Beach South,Bay of Plenty,134,226,593
197500,Motiti,Bay of Plenty,139,240,579
197600,Wairakei,Bay of Plenty,258,526,490
197700,Tui Ridge,Lakes,78,152,513
197800,Arahiwi,Lakes,Masked,Masked,Masked
197900,Ngongotah? Valley,Lakes,135,223,605
198000,Hamurana,Lakes,72,101,713
198100,Ngongotah? East,Lakes,280,507,552
198200,Ngongotah? West,Lakes,130,242,537
198400,Ngongotah? South,Lakes,172,295,583
198500,Selwyn Heights,Lakes,183,319,574
198600,Pleasant Heights,Lakes,300,602,498
198700,Rotoiti-Rotoehu,Lakes,371,579,641
198800,Kawaha,Lakes,188,324,580
198900,Fairy Springs,Lakes,246,452,544
199000,Western Heights (Rotorua District),Lakes,335,677,495
199100,Pukehangi North,Lakes,382,707,540
199200,Pukehangi South,Lakes,222,331,671
199300,Mangakakahi Central,Lakes,9,16,562
199400,Koutu,Lakes,442,776,570
199500,Mangakakahi West,Lakes,249,524,475
199600,Sunnybrook,Lakes,203,332,611
199700,Fordlands,Lakes,327,721,454
199800,Kuirau,Lakes,214,350,611
199900,Utuhina,Lakes,212,321,660
2e+05,Pomare,Lakes,149,237,629
200100,Rotorua Central,Lakes,63,109,578
200200,Hillcrest (Rotorua District),Lakes,194,359,540
200300,Victoria,Lakes,285,435,655
200400,Waiohewa,Lakes,125,183,683
200500,Glenholme North,Lakes,333,562,593
200600,Springfield South,Lakes,143,214,668
200700,Springfield North,Lakes,156,218,716
200800,Glenholme South,Lakes,160,236,678
200900,?whata West,Lakes,366,668,548
201000,Holdens Bay-Rotokawa,Lakes,137,268,511
201100,Ngapuna,Lakes,104,190,547
201200,Fenton Park,Lakes,224,356,629
201300,Tihiotonga-Whakarewarewa,Lakes,133,195,682
201400,?whata East,Lakes,391,655,597
201500,Lynmore,Lakes,181,263,688
201600,Ngakuru,Lakes,87,157,554
201700,Kaingaroa-Whakarewarewa,Lakes,136,236,576
201800,Golden Springs,Lakes,102,214,477
201900,Manawahe,Bay of Plenty,70,131,534
202000,Matat?-Otakiri,Bay of Plenty,182,312,583
202100,Onepu Spring,Bay of Plenty,163,263,620
202200,Edgecumbe,Bay of Plenty,251,444,565
202300,Thornton-Awakeri,Bay of Plenty,250,426,587
202400,Te Teko Lakes,Bay of Plenty,341,738,462
202500,Coastlands,Bay of Plenty,254,436,583
202600,Whakat?ne West,Bay of Plenty,435,795,547
202700,Whakat?ne Central,Bay of Plenty,440,734,599
202800,Trident,Bay of Plenty,356,676,527
202900,Allandale,Bay of Plenty,283,477,593
203000,Mokorua Bush,Bay of Plenty,64,105,610
203100,Wainui,Bay of Plenty,240,423,567
203200,?hope,Bay of Plenty,196,267,734
203400,Galatea,Bay of Plenty,167,315,530
203500,Waingarara-Waimana,Bay of Plenty,421,836,504
203600,Murupara,Bay of Plenty,291,634,459
203700,Monika Reserve,Bay of Plenty,525,967,543
203800,Kawerau Industrial,Bay of Plenty,Masked,Masked,Masked
203900,Tarawera Park,Bay of Plenty,624,1231,507
204100,Waiotahi,Bay of Plenty,207,325,637
204200,Cape Runaway,Bay of Plenty,530,728,728
204300,Woodlands,Bay of Plenty,154,231,667
204400,?p?tiki,Bay of Plenty,674,1232,547
204500,Otara-Tirohanga,Bay of Plenty,198,296,669
204600,Oponae,Bay of Plenty,40,74,541
204700,East Cape,Tairawhiti,488,691,706
204800,Waipaoa,Tairawhiti,315,567,556
204900,Ruatoria-Raukumara,Tairawhiti,403,605,666
205000,Tokomaru,Tairawhiti,391,511,765
205100,Hangaroa,Tairawhiti,196,302,649
205200,Wharekaka,Tairawhiti,441,666,662
205300,Te Arai,Tairawhiti,259,405,640
205400,Hexton,Tairawhiti,210,342,614
205500,Lytton,Tairawhiti,123,161,764
205600,Makaraka-Awapuni,Tairawhiti,144,239,603
205700,Riverdale,Tairawhiti,203,298,681
205800,Te Hapara North,Tairawhiti,280,453,618
205900,Mangapapa North,Tairawhiti,217,372,583
206000,Elgin,Tairawhiti,520,923,563
206100,Te Hapara South,Tairawhiti,314,611,514
206200,Mangapapa East,Tairawhiti,157,246,638
206300,Mangapapa South,Tairawhiti,283,500,566
206400,Te Hapara East,Tairawhiti,313,504,621
206500,Centennial Crescent,Tairawhiti,266,488,545
206600,Whataupoko East,Tairawhiti,124,218,569
206700,Whataupoko West,Tairawhiti,196,323,607
206800,Gisborne Central,Tairawhiti,35,64,547
206900,Kaiti North,Tairawhiti,348,531,655
207000,Kaiti South,Tairawhiti,600,1093,549
207100,Outer Kaiti,Tairawhiti,495,995,497
207200,Tamarau,Tairawhiti,553,985,561
207300,Wainui-Okitu,Tairawhiti,121,171,708
207400,Maungataniwha-Raupunga,Hawke's Bay,179,292,613
207600,Frasertown-Ruakituri,Hawke's Bay,125,186,672
207700,Whakaki,Hawke's Bay,216,314,688
207800,Wairoa,Hawke's Bay,1029,1652,623
207900,Mahia,Hawke's Bay,268,408,657
208000,Puketitiri-Tutira,Hawke's Bay,95,199,477
208100,Sherenden-Crownthorpe,Hawke's Bay,37,59,627
208200,Maraekakaho,Hawke's Bay,49,84,583
208300,Puketapu-Eskdale,Hawke's Bay,131,204,642
208400,Omahu-Pakowhai,Hawke's Bay,178,312,571
208500,Bridge Pa,Hawke's Bay,204,338,604
208600,Twyford,Hawke's Bay,42,83,506
208700,Poukawa,Hawke's Bay,117,183,639
208800,Flaxmere West,Hawke's Bay,363,771,471
208900,Omahu Strip,Hawke's Bay,Masked,Masked,Masked
209000,Lochain Park,Hawke's Bay,387,776,499
209100,Flaxmere Park,Hawke's Bay,408,775,526
209200,Flaxmere South,Hawke's Bay,387,758,511
209300,Irongate,Hawke's Bay,13,24,542
209400,Frimley,Hawke's Bay,146,206,709
209500,Camberley,Hawke's Bay,272,555,490
209600,Clive,Hawke's Bay,164,264,621
209700,St Leonards,Hawke's Bay,198,321,617
209800,Mahora,Hawke's Bay,176,282,624
209900,Raureka,Hawke's Bay,248,485,511
210000,Cornwall Park,Hawke's Bay,225,384,586
210100,Tomoana,Hawke's Bay,54,80,675
210200,Longlands-Pukahu,Hawke's Bay,124,201,617
210300,Raceway Park,Hawke's Bay,135,241,560
210400,Karamu,Hawke's Bay,182,295,617
210500,Hastings Central,Hawke's Bay,36,67,537
210600,Tomoana Crossing,Hawke's Bay,193,322,599
210700,Akina Park,Hawke's Bay,182,312,583
210800,Queens Square,Hawke's Bay,144,235,613
210900,Mayfair,Hawke's Bay,289,532,543
211000,Parkhaven,Hawke's Bay,174,347,501
211100,Parkvale,Hawke's Bay,119,205,580
211200,Mangateretere,Hawke's Bay,37,71,521
211300,Haumoana-Te Awanga,Hawke's Bay,110,188,585
211400,Lucknow,Hawke's Bay,124,207,599
211500,Karanema-St Hill,Hawke's Bay,51,81,630
211600,Havelock North-Central,Hawke's Bay,16,22,727
211700,Brookvale,Hawke's Bay,48,61,787
211800,Iona,Hawke's Bay,66,109,606
211900,Hereworth,Hawke's Bay,50,78,641
212000,Te Mata Hills,Hawke's Bay,Masked,Masked,Masked
212100,Havelock Hills,Hawke's Bay,36,48,750
212200,Kahuranaki,Hawke's Bay,98,151,649
212300,Bay View,Hawke's Bay,128,199,643
212400,Poraiti Hills,Hawke's Bay,30,38,789
212500,Poraiti Flat,Hawke's Bay,47,72,653
212600,Westshore,Hawke's Bay,59,101,584
212800,Onekawa West,Hawke's Bay,Masked,Masked,Masked
212900,Ahuriri,Hawke's Bay,46,72,639
213000,Taradale West,Hawke's Bay,59,79,747
213100,Greenmeadows West,Hawke's Bay,49,68,721
213200,Taradale South,Hawke's Bay,106,162,654
213300,Bluff Hill,Hawke's Bay,105,167,629
213400,Hospital Hill,Hawke's Bay,108,181,597
213500,Tamatea West,Hawke's Bay,133,234,568
213600,Tamatea North,Hawke's Bay,143,273,524
213700,Taradale Central,Hawke's Bay,93,150,620
213800,Tamatea East,Hawke's Bay,131,237,553
213900,Marewa West,Hawke's Bay,83,135,615
214000,Greenmeadows Central,Hawke's Bay,56,92,609
214100,Onekawa Central,Hawke's Bay,92,151,609
214200,Pirimai West,Hawke's Bay,117,212,552
214300,Napier Central,Hawke's Bay,45,92,489
214400,Greenmeadows South,Hawke's Bay,142,227,626
214500,Nelson Park,Hawke's Bay,132,210,629
214600,Bledisloe Park,Hawke's Bay,121,183,661
214700,Pirimai East,Hawke's Bay,148,300,493
214800,Onekawa East,Hawke's Bay,144,285,505
214900,Tareha Reserve,Hawke's Bay,145,245,592
215000,Marewa East,Hawke's Bay,325,629,517
215100,Onekawa South,Hawke's Bay,263,585,450
215200,McLean Park,Hawke's Bay,165,275,600
215300,Maraenui,Hawke's Bay,418,923,453
215400,Meeanee-Awatoto,Hawke's Bay,163,263,620
215500,Mangaonuku,Hawke's Bay,57,87,655
215600,Makaretu,Hawke's Bay,168,250,672
215700,Waipawa,Hawke's Bay,157,256,613
215800,Waipukurau West,Hawke's Bay,212,347,611
215900,Mangarara,Hawke's Bay,158,260,608
216000,Waipukurau East,Hawke's Bay,149,262,569
216100,Taurekaitai,Hawke's Bay,145,213,681
216200,Port Taranaki,Taranaki,Masked,Masked,Masked
216300,Spotswood,Taranaki,223,433,515
216400,Omata,Taranaki,22,38,579
216500,?akura,Taranaki,37,57,649
216600,Moturoa,Taranaki,82,149,550
216700,Kaitake,Taranaki,45,86,523
216800,Blagdon-Lynmouth,Taranaki,128,226,566
216900,Kawaroa,Taranaki,96,167,575
217000,New Plymouth Central,Taranaki,56,100,560
217100,Marfell,Taranaki,113,256,441
217200,Whalers Gate,Taranaki,54,94,574
217300,Strandon,Taranaki,80,135,593
217400,Westown,Taranaki,225,385,584
217500,Bell Block West,Taranaki,173,348,497
217600,Bell Block East,Taranaki,118,214,551
217700,Waiwhakaiho-Bell Block South,Taranaki,Masked,Masked,Masked
217800,Lower Vogeltown,Taranaki,128,204,627
217900,Hurdon,Taranaki,84,142,592
218000,Frankleigh Park,Taranaki,94,170,553
218100,Merrilands,Taranaki,100,202,495
218200,Ferndale,Taranaki,23,31,742
218300,Welbourn,Taranaki,133,236,564
218400,Fitzroy-Glen Avon,Taranaki,136,260,523
218500,Waitara West,Taranaki,350,716,489
218600,Upper Vogeltown,Taranaki,77,140,550
218700,Highlands Park (New Plymouth District),Taranaki,82,115,713
218800,Paraite,Taranaki,26,49,531
218900,Waitara East,Taranaki,292,578,505
219000,Lepperton-Brixton,Taranaki,86,154,558
219100,Mangorei,Taranaki,25,42,595
219200,Mount Messenger,Taranaki,27,57,474
219300,Mangaoraka,Taranaki,36,68,529
219400,Tikorangi,Taranaki,99,159,623
219500,Everett Park,Taranaki,61,99,616
219600,Inglewood,Taranaki,113,189,598
219700,Tarata,Taranaki,11,24,458
219800,Pembroke,Taranaki,27,48,562
219900,Douglas,Taranaki,9,23,391
220000,Toko,Taranaki,19,30,633
220100,Stratford North,Taranaki,69,105,657
220200,Whangamomona,Taranaki,Masked,Masked,Masked
220300,Stratford Central,Taranaki,80,126,635
220400,Stratford South,Taranaki,75,132,568
220500,Cape Egmont,Taranaki,130,239,544
220600,Taungatara,Taranaki,37,80,462
220700,?punake,Taranaki,153,254,602
220800,Kaponga-Mangatoki,Taranaki,37,70,529
220900,Manaia-Kapuni,Taranaki,136,241,564
221000,Eltham,Taranaki,116,228,509
221100,Okaiawa,Taranaki,73,129,566
221200,Te Roti-Moeroa,Taranaki,20,37,541
221300,Egmont Showgrounds,Taranaki,97,174,557
221400,Normanby-Tawhiti,Taranaki,125,248,504
221500,Ohangai,Taranaki,26,40,650
221600,Turuturu,Taranaki,145,259,560
221700,King Edward Park,Taranaki,106,189,561
221800,Ramanui,Taranaki,121,250,484
221900,Hawera Central,Taranaki,172,314,548
222000,Mangawhio,Taranaki,25,49,510
222100,Manutahi-Waitotora,Taranaki,147,244,602
222200,P?tea,Taranaki,167,336,497
222300,Otangiwai-Ohura,Waikato,47,98,480
222400,Ngapuke,Waikato,118,201,587
222500,Taumarunui North,Waikato,185,323,573
222600,Taumarunui Central,Waikato,221,357,619
222700,Taumarunui East,Waikato,208,404,515
222800,National Park,Waikato,55,99,556
222900,Tangiwai,Whanganui,129,202,639
223000,Raetihi,Whanganui,158,321,492
223100,Ohakune,Whanganui,113,192,589
223200,Waiouru,Whanganui,81,134,604
223300,Upper Whanganui,Whanganui,146,234,624
223400,Mowhanau,Whanganui,65,88,739
223500,Brunswick-Papaiti,Whanganui,51,76,671
223600,Castlecliff West,Whanganui,155,268,578
223700,Otamatea (Whanganui District),Whanganui,49,62,790
223800,Castlecliff East,Whanganui,225,402,560
223900,Springvale North,Whanganui,Masked,Masked,Masked
224000,Lower Aramoho,Whanganui,178,302,589
224100,St Johns Hill East,Whanganui,45,62,726
224200,St Johns Hill West,Whanganui,100,137,730
224300,Titoki,Whanganui,315,567,556
224400,Springvale West,Whanganui,91,133,684
224500,Springvale East,Whanganui,68,105,648
224600,Upper Aramoho,Whanganui,218,344,634
224700,Balgownie,Whanganui,17,31,548
224800,Laird Park,Whanganui,186,345,539
224900,Wembley Park,Whanganui,208,372,559
225000,College Estate,Whanganui,88,146,603
225100,Whanganui East-Williams Domain,Whanganui,146,258,566
225200,Gonville West,Whanganui,218,386,565
225300,Gonville North,Whanganui,205,344,596
225400,Cornmarket,Whanganui,101,173,584
225500,Whanganui East-Riverlands,Whanganui,145,250,580
225600,Kaitoke-Fordell,Whanganui,64,111,577
225700,Whanganui Central,Whanganui,67,118,568
225800,Gonville South,Whanganui,168,286,587
225900,Bastia-Durie Hill,Whanganui,126,191,660
226000,Putiki,Whanganui,100,141,709
226100,Mokai Patea,Whanganui,114,191,597
226200,Ngamatea,Whanganui,Masked,Masked,Masked
226300,Turakina,Whanganui,232,345,672
226400,Otairi,Whanganui,52,107,486
226500,Taihape,Whanganui,228,381,598
226600,Marton Rural,Whanganui,26,44,591
226700,Marton North,Whanganui,185,288,642
226800,Parewanui,Whanganui,38,57,667
226900,Marton South,Whanganui,211,351,601
227000,Bulls,Whanganui,150,241,622
227100,Kiwitea,MidCentral,45,80,562
227200,Tokorangi,MidCentral,76,127,598
227300,Ohakea-Sanson,MidCentral,57,106,538
227400,Oroua Downs,MidCentral,72,104,692
227500,Awahuri,MidCentral,68,129,527
227600,Pohangina-Apiti,MidCentral,22,43,512
227700,Mount Taylor,MidCentral,21,24,875
227800,Taikorea,MidCentral,40,64,625
227900,Makino,MidCentral,139,260,535
228000,Sandon,MidCentral,90,147,612
228100,Kimbolton North,MidCentral,169,298,567
228200,Warwick,MidCentral,52,89,584
228300,Kimbolton West,MidCentral,131,229,572
228400,Feilding Central,MidCentral,59,82,720
228500,Kimbolton South,MidCentral,106,173,613
228600,Kauwhata,MidCentral,73,103,709
228700,Taonui,MidCentral,56,85,659
228800,Newbury,MidCentral,87,137,635
228900,Palmerston North Airport,MidCentral,21,28,750
229000,Milson North,MidCentral,103,156,660
229100,Cloverlea (Palmerston North City),MidCentral,124,218,569
229200,Tremaine,MidCentral,45,72,625
229300,Milson South,MidCentral,202,325,622
229400,Whakarongo,MidCentral,42,69,609
229500,Westbrook,MidCentral,242,437,554
229600,Takaro North,MidCentral,205,359,571
229700,Pioneer West,MidCentral,Masked,Masked,Masked
229800,Palmerston North Hospital,MidCentral,106,176,602
229900,Highbury East,MidCentral,240,514,467
230000,Park West,MidCentral,116,179,648
230100,Takaro South,MidCentral,162,295,549
230200,Roslyn (Palmerston North City),MidCentral,147,223,659
230300,Kelvin Grove West,MidCentral,143,248,577
230400,Kelvin Grove North,MidCentral,77,109,706
230500,Papaioea North,MidCentral,133,221,602
230600,Palmerston North Central,MidCentral,65,141,461
230700,Awapuni North,MidCentral,215,393,547
230800,Terrace End,MidCentral,210,364,577
230900,Maraetarata,MidCentral,77,123,626
231000,Papaioea South,MidCentral,104,171,608
231100,Royal Oak (Palmerston North City),MidCentral,84,116,724
231200,West End,MidCentral,156,263,593
231300,Awapuni South,MidCentral,156,255,612
231400,Milverton,MidCentral,76,133,571
231500,Ruamahanga,MidCentral,130,213,610
231600,Esplanade,MidCentral,105,161,652
231700,Hokowhitu Central,MidCentral,64,100,640
231800,Hokowhitu East,MidCentral,102,158,646
231900,Turitea,MidCentral,Masked,Masked,Masked
232000,Ruahine,MidCentral,40,50,800
232100,Linton Camp,MidCentral,141,186,758
232200,Ashhurst,MidCentral,163,241,676
232300,Hokowhitu South,MidCentral,73,130,562
232400,Aokautere,MidCentral,17,31,548
232500,Pihauatua,MidCentral,43,70,614
232600,Aokautere Rural,MidCentral,20,30,667
232700,Poutoa,MidCentral,115,155,742
232800,Norsewood,MidCentral,76,124,613
232900,Papatawa,MidCentral,96,152,632
233000,Mangatainoka,MidCentral,63,121,521
233100,Woodville,MidCentral,111,192,578
233200,Dannevirke West,MidCentral,149,277,538
233300,Dannevirke East,MidCentral,311,577,539
233400,Waitahora,MidCentral,25,51,490
233500,Kaitawa,MidCentral,18,34,529
233600,Pahiatua,MidCentral,139,249,558
233700,Nireaha-Eketahuna,MidCentral,60,104,577
233800,Owhanga,MidCentral,24,44,545
234000,Kere Kere,MidCentral,42,77,545
234100,Foxton Beach,MidCentral,135,186,726
234200,Foxton North,MidCentral,129,231,558
234300,Foxton South,MidCentral,173,312,554
234400,Waitarere,MidCentral,155,225,689
234500,Waikawa (Horowhenua District),MidCentral,64,112,571
234600,Miranui,MidCentral,110,160,688
234700,Donnelly Park,MidCentral,109,177,616
234800,?hau-Manakau,MidCentral,120,177,678
234900,Kawiu South,MidCentral,191,310,616
235000,Makomako,MidCentral,108,208,519
235100,Kawiu North,MidCentral,91,154,591
235200,Levin Central,MidCentral,74,130,569
235300,Tararua,MidCentral,92,159,579
235400,Shannon,MidCentral,143,260,550
235500,Queenwood (Horowhenua District),MidCentral,130,224,580
235600,Playford Park,MidCentral,135,240,562
235700,Fairfield (Horowhenua District),MidCentral,98,156,628
235800,Taitoko,MidCentral,186,354,525
235900,Waiopehu,MidCentral,115,192,599
236000,Makahika,MidCentral,49,68,721
236100,Kimberley,MidCentral,24,34,706
236300,?taki Beach,MidCentral,209,348,601
236400,Forest Lakes (Kapiti Coast District),MidCentral,30,47,638
236500,?taki,MidCentral,385,681,565
236600,Te Horo,MidCentral,58,86,674
236700,Waitohu,MidCentral,82,151,543
236800,Waikanae Beach,Capital and Coast,114,173,659
236900,Peka Peka,Capital and Coast,Masked,Masked,Masked
237000,Paraparaumu Beach North,Capital and Coast,195,288,677
237100,Paraparaumu Beach West,Capital and Coast,111,164,677
237200,Waikanae Park,Capital and Coast,60,91,659
237300,Paraparaumu Beach East,Capital and Coast,82,124,661
237400,Otaihanga,Capital and Coast,35,61,574
237500,Paraparaumu North,Capital and Coast,124,183,678
237600,Waikanae West,Capital and Coast,139,198,702
237700,?taki Forks,MidCentral,23,33,697
237800,Paraparaumu Central,Capital and Coast,214,325,658
237900,Maungakotukutuku,Capital and Coast,24,46,522
238000,Raumati Beach West,Capital and Coast,105,164,640
238100,Waikanae East,Capital and Coast,92,128,719
238300,Raumati Beach East,Capital and Coast,101,144,701
238400,Paraparaumu East,Capital and Coast,114,205,556
238500,Raumati South,Capital and Coast,141,214,659
238600,Paek?k?riki,Capital and Coast,115,163,706
238800,Pukerua Bay,Capital and Coast,71,118,602
238900,Paek?k?riki Hill,Capital and Coast,Masked,Masked,Masked
239000,Plimmerton,Capital and Coast,113,182,621
239100,Titahi Bay North,Capital and Coast,317,500,634
239200,Titahi Bay South,Capital and Coast,428,727,589
239300,Elsdon-Takapuwahia,Capital and Coast,441,730,604
239400,P?uatahanui,Capital and Coast,28,40,700
239500,Onepoto,Capital and Coast,235,345,681
239600,Camborne,Capital and Coast,88,133,662
239800,Paremata,Capital and Coast,127,175,726
239900,Porirua Central,Capital and Coast,35,58,603
240000,Papak?whai,Capital and Coast,133,184,723
240100,Aotea,Capital and Coast,143,188,761
240200,Postgate,Capital and Coast,120,210,571
240300,Ascot Park,Capital and Coast,259,455,569
240400,Whitby,Capital and Coast,124,191,649
240500,Porirua East,Capital and Coast,202,351,575
240600,Endeavour,Capital and Coast,166,235,706
240700,Cannons Creek North,Capital and Coast,240,460,522
240800,Waitangirua,Capital and Coast,277,537,516
240900,Ranui Heights,Capital and Coast,120,177,678
241000,Cannons Creek East,Capital and Coast,228,443,515
241100,Cannons Creek South,Capital and Coast,99,232,427
241200,Akatarawa,Hutt Valley,17,24,708
241300,Riverstone Terraces,Hutt Valley,67,97,691
241400,Heretaunga,Hutt Valley,115,156,737
241500,Birchville-Brown Owl,Hutt Valley,160,260,615
241600,Poets Block,Hutt Valley,123,185,665
241700,Brentwood (Upper Hutt City),Hutt Valley,127,232,547
241800,Silverstream (Upper Hutt City),Hutt Valley,130,167,778
241900,Elderslea,Hutt Valley,195,327,596
242000,Trentham North,Hutt Valley,242,373,649
242100,Totara Park,Hutt Valley,142,230,617
242200,Trentham South,Hutt Valley,57,79,722
242300,Mangaroa,Hutt Valley,56,88,636
242400,Ebdentown,Hutt Valley,147,233,631
242500,Wallaceville,Hutt Valley,114,203,562
242600,Maoribank,Hutt Valley,226,377,599
242700,Te Marua,Hutt Valley,54,89,607
242800,Pinehaven,Hutt Valley,44,66,667
242900,Clouston Park,Hutt Valley,114,194,588
243000,Upper Hutt Central,Hutt Valley,22,41,537
243100,Belmont Park,Hutt Valley,Masked,Masked,Masked
243200,Maungaraki,Hutt Valley,137,186,737
243300,Korokoro,Hutt Valley,52,73,712
243400,Kelson,Hutt Valley,110,146,753
243500,Normandale,Hutt Valley,62,95,653
243600,Belmont (Lower Hutt City),Hutt Valley,122,162,753
243700,Petone Central,Hutt Valley,75,121,620
243800,Tirohanga,Hutt Valley,34,43,791
243900,Manor Park,Hutt Valley,32,49,653
244000,Alicetown-Melling,Hutt Valley,140,206,680
244100,Taita North,Hutt Valley,208,369,564
244200,Boulcott,Hutt Valley,88,137,642
244300,Hutt Central North,Hutt Valley,46,71,648
244400,Avalon West,Hutt Valley,114,172,663
244500,Stokes Valley Central,Hutt Valley,166,273,608
244600,Taita South,Hutt Valley,237,423,560
244700,Petone East,Hutt Valley,217,326,666
244800,Hutt Central South,Hutt Valley,86,141,610
244900,Stokes Valley North,Hutt Valley,202,329,614
245000,Petone Esplanade,Hutt Valley,174,268,649
245100,Epuni West,Hutt Valley,155,229,677
245200,Avalon East,Hutt Valley,140,241,581
245300,Woburn,Hutt Valley,64,92,696
245400,Naenae Central,Hutt Valley,280,469,597
245500,Waterloo West,Hutt Valley,88,135,652
245600,Epuni East,Hutt Valley,166,270,615
245700,Gracefield,Hutt Valley,Masked,Masked,Masked
245800,Moera,Hutt Valley,158,268,590
245900,Delaney,Hutt Valley,186,370,503
246000,Waiwhetu,Hutt Valley,306,508,602
246100,Waterloo East,Hutt Valley,113,163,693
246200,Naenae North,Hutt Valley,203,359,565
246300,Manuka,Hutt Valley,102,158,646
246400,Naenae South,Hutt Valley,206,388,531
246600,Arakura,Hutt Valley,268,462,580
246700,Eastern Bays,Hutt Valley,55,69,797
246800,Pencarrow,Hutt Valley,28,52,538
246900,Wainuiomata West,Hutt Valley,269,434,620
247000,Glendale,Hutt Valley,487,784,621
247100,Wainuiomata Central,Hutt Valley,147,258,570
247200,Eastbourne,Hutt Valley,60,77,779
247300,Homedale East,Hutt Valley,317,506,626
247400,Homedale West,Hutt Valley,242,408,593
247500,M?kara-Ohariu,Capital and Coast,42,44,>950
247600,Tawa North,Capital and Coast,139,219,635
247700,Linden,Capital and Coast,131,243,539
247800,Tawa South,Capital and Coast,124,172,721
247900,Tawa Central,Capital and Coast,103,144,715
248000,Grenada North,Capital and Coast,105,158,665
248100,Churton Park North,Capital and Coast,86,111,775
248200,Takapu-Horokiwi,Capital and Coast,Masked,Masked,Masked
248300,Churton Park South,Capital and Coast,104,134,776
248400,Johnsonville West,Capital and Coast,104,164,634
248500,Grenada Village,Capital and Coast,63,79,797
248600,Johnsonville North,Capital and Coast,132,178,742
248700,Paparangi,Capital and Coast,132,177,746
248800,Ngaio North,Capital and Coast,77,102,755
248900,Johnsonville Central,Capital and Coast,156,218,716
249000,Broadmeadows,Capital and Coast,58,81,716
249100,Crofton Downs,Capital and Coast,51,70,729
249200,Johnsonville South,Capital and Coast,79,105,752
249300,Khandallah Reserve,Capital and Coast,42,53,792
249400,Karori Park,Capital and Coast,120,163,736
249500,Newlands North,Capital and Coast,179,256,699
249600,Ngaio South,Capital and Coast,81,104,779
249700,Newlands South,Capital and Coast,182,270,674
249800,Woodridge,Capital and Coast,40,53,755
249900,Karori North,Capital and Coast,51,64,797
250000,Khandallah North,Capital and Coast,67,84,798
250100,Wilton,Capital and Coast,87,121,719
250200,Khandallah South,Capital and Coast,42,56,750
250300,Wadestown,Capital and Coast,129,162,796
250400,Karori South,Capital and Coast,140,185,757
250500,Onslow,Capital and Coast,63,77,818
250600,Karori East,Capital and Coast,83,107,776
250700,Pipitea-Kaiwharawhara,Capital and Coast,55,74,743
250800,Northland (Wellington City),Capital and Coast,117,149,785
250900,Thorndon,Capital and Coast,183,229,799
251000,Wellington Botanic Gardens,Capital and Coast,39,53,736
251100,Kelburn,Capital and Coast,66,89,742
251200,Aro Valley,Capital and Coast,186,263,707
251300,Wellington University,Capital and Coast,77,104,740
251400,Wellington Central,Capital and Coast,144,215,670
251500,Brooklyn North,Capital and Coast,62,81,765
251600,Dixon Street,Capital and Coast,242,364,665
251700,Vivian West,Capital and Coast,167,243,687
251800,Courtenay,Capital and Coast,76,106,717
251900,Brooklyn East,Capital and Coast,109,135,807
252000,Mount Cook West,Capital and Coast,217,299,726
252100,Vivian East,Capital and Coast,100,139,719
252200,Brooklyn South,Capital and Coast,73,103,709
252300,Oriental Bay,Capital and Coast,36,52,692
252400,Mount Cook East,Capital and Coast,154,220,700
252500,Mount Victoria,Capital and Coast,174,239,728
252600,Roseneath,Capital and Coast,53,62,855
252700,?whiro Bay,Capital and Coast,95,154,617
252800,Kingston-Mornington-Vogeltown,Capital and Coast,130,167,778
252900,Newtown North,Capital and Coast,114,147,776
253000,Newtown West,Capital and Coast,172,242,711
253100,Hataitai North,Capital and Coast,144,197,731
253200,Evans Bay,Capital and Coast,50,70,714
253300,Berhampore,Capital and Coast,196,268,731
253400,Hataitai South,Capital and Coast,56,85,659
253500,Maupuia,Capital and Coast,52,84,619
253600,Newtown South,Capital and Coast,184,263,700
253700,Kilbirnie Central,Capital and Coast,150,199,754
253800,Island Bay West,Capital and Coast,164,209,785
253900,Melrose,Capital and Coast,40,66,606
254000,Island Bay East,Capital and Coast,153,217,705
254100,Miramar North,Capital and Coast,49,77,636
254200,Kilbirnie East,Capital and Coast,99,147,673
254300,Lyall Bay,Capital and Coast,161,212,759
254400,Miramar Central,Capital and Coast,85,119,714
254500,Southgate,Capital and Coast,47,67,701
254600,Karaka Bay-Worser Bay,Capital and Coast,45,53,849
254700,Houghton Bay,Capital and Coast,62,80,775
254800,Miramar East,Capital and Coast,86,112,768
254900,Miramar South,Capital and Coast,136,193,705
255000,Rongotai,Capital and Coast,Masked,Masked,Masked
255100,Strathmore (Wellington City),Capital and Coast,236,362,652
255200,Seatoun,Capital and Coast,77,85,906
255300,Kopuaranga,Wairarapa,27,52,519
255400,Upper Plain,Wairarapa,58,83,699
255500,Opaki,Wairarapa,33,58,569
255600,Ngaumutawa,Wairarapa,80,167,479
255700,Solway North,Wairarapa,144,249,578
255800,Lansdowne West,Wairarapa,114,178,640
255900,Masterton Central,Wairarapa,56,93,602
256000,Kuripuni,Wairarapa,97,156,622
256100,Douglas Park,Wairarapa,100,199,503
256200,Solway South,Wairarapa,291,499,583
256300,Lansdowne East,Wairarapa,221,368,601
256400,Cameron and Soldiers Park,Wairarapa,149,285,523
256500,Whareama,Wairarapa,67,113,593
256600,Homebush-Te Ore Ore,Wairarapa,54,82,659
256700,McJorrow Park,Wairarapa,187,402,465
256800,Mount Holdsworth,Wairarapa,42,73,575
256900,Carterton North,Wairarapa,106,198,535
257000,Kokotau,Wairarapa,49,66,742
257100,Carterton South,Wairarapa,133,222,599
257200,Gladstone (Carterton District),Wairarapa,28,41,683
257300,Tauherenikau,Wairarapa,40,78,513
257400,Kahutara,Wairarapa,42,71,592
257500,Featherston,Wairarapa,148,261,567
257700,Greytown,Wairarapa,76,117,650
257800,Aorangi Forest,Wairarapa,75,132,568
257900,Martinborough,Wairarapa,105,158,665
300300,Golden Bay/Mohua,Nelson Marlborough,45,59,763
300500,Takaka,Nelson Marlborough,31,50,620
300600,P?hara-Abel Tasman,Nelson Marlborough,29,40,725
300700,Takaka Hills,Nelson Marlborough,29,48,604
300800,Kaiteriteri-Riwaka,Nelson Marlborough,47,72,653
300900,Upper Moutere,Nelson Marlborough,28,46,609
301000,Lower Moutere,Nelson Marlborough,28,53,528
301100,Motueka North,Nelson Marlborough,95,153,621
301200,Motueka West,Nelson Marlborough,107,192,557
301300,Motueka East,Nelson Marlborough,85,151,563
301500,Golden Downs,Nelson Marlborough,41,78,526
301600,Moutere Hills,Nelson Marlborough,63,84,750
301700,Ruby Bay-M?pua,Nelson Marlborough,40,70,571
301800,Murchison-Nelson Lakes,Nelson Marlborough,36,54,667
302100,Waimea West,Nelson Marlborough,27,34,794
302200,Appleby,Nelson Marlborough,24,44,545
302300,Wakefield,Nelson Marlborough,41,72,569
302400,Richmond West (Tasman District),Nelson Marlborough,41,74,554
302500,Wakefield Rural,Nelson Marlborough,20,33,606
302600,Brightwater,Nelson Marlborough,42,78,538
302700,Hope,Nelson Marlborough,19,33,576
302800,Richmond Central (Tasman District),Nelson Marlborough,36,77,468
302900,Ben Cooper Park,Nelson Marlborough,64,102,627
303000,Richmond South (Tasman District),Nelson Marlborough,Masked,Masked,Masked
303100,Wilkes Park,Nelson Marlborough,46,84,548
303200,Templemore,Nelson Marlborough,27,40,675
303300,Easby Park,Nelson Marlborough,53,98,541
303400,Fairose,Nelson Marlborough,25,30,833
303500,Aniseed Valley,Nelson Marlborough,Masked,Masked,Masked
303600,Nelson Rural,Nelson Marlborough,34,59,576
303800,Marybank,Nelson Marlborough,24,32,750
303900,Port Nelson,Nelson Marlborough,Masked,Masked,Masked
304000,Nelson Airport,Nelson Marlborough,Masked,Masked,Masked
304100,T?hunanui,Nelson Marlborough,83,164,506
304200,Britannia,Nelson Marlborough,51,84,607
304300,Atawhai,Nelson Marlborough,76,106,717
304400,Broadgreen-Monaco,Nelson Marlborough,75,141,532
304500,Washington,Nelson Marlborough,82,172,477
304600,Tahuna Hills,Nelson Marlborough,73,131,557
304700,Nelson Central-Trafalgar,Nelson Marlborough,18,40,450
304800,The Wood,Nelson Marlborough,88,121,727
304900,Toi Toi,Nelson Marlborough,55,92,598
305000,Nayland,Nelson Marlborough,57,87,655
305100,Aldinga,Nelson Marlborough,77,130,592
305200,Victory,Nelson Marlborough,64,112,571
305300,Rutherford,Nelson Marlborough,63,106,594
305400,Maitlands,Nelson Marlborough,65,115,565
305500,Maitai,Nelson Marlborough,35,51,686
305600,Grampians,Nelson Marlborough,116,214,542
305700,Saxton,Nelson Marlborough,Masked,Masked,Masked
305800,Suffolk,Nelson Marlborough,69,109,633
305900,Omaio,Nelson Marlborough,111,192,578
306000,Enner Glynn,Nelson Marlborough,66,135,489
306100,Daelyn,Nelson Marlborough,Masked,Masked,Masked
306200,The Brook,Nelson Marlborough,31,50,620
306300,Marlborough Sounds West,Nelson Marlborough,61,104,587
306500,Marlborough Sounds East,Nelson Marlborough,52,76,684
306600,Upper Wairau,Nelson Marlborough,40,61,656
306700,Waikawa (Marlborough District),Nelson Marlborough,101,144,701
306800,Waitohi (Marlborough District),Nelson Marlborough,193,315,613
306900,Tuamarina,Nelson Marlborough,59,75,787
307000,Awatere,Nelson Marlborough,48,95,505
307100,Renwick,Nelson Marlborough,79,124,637
307200,Lower Wairau,Nelson Marlborough,51,67,761
307300,Woodbourne,Nelson Marlborough,79,113,699
307400,Spring Creek-Grovetown,Nelson Marlborough,62,91,681
307500,Springlands,Nelson Marlborough,123,197,624
307600,Yelverton,Nelson Marlborough,92,144,639
307700,Mayfield,Nelson Marlborough,81,140,579
307800,Whitney West,Nelson Marlborough,111,184,603
307900,Blenheim Central,Nelson Marlborough,72,127,567
308000,Riversdale-Islington,Nelson Marlborough,120,222,541
308100,Whitney East,Nelson Marlborough,98,164,598
308200,Redwoodtown West,Nelson Marlborough,94,157,599
308300,Witherlea West,Nelson Marlborough,90,123,732
308400,Redwoodtown East,Nelson Marlborough,91,151,603
308500,Riverlands,Nelson Marlborough,Masked,Masked,Masked
308600,Witherlea East,Nelson Marlborough,85,142,599
308800,Kaik?ura Ranges,Canterbury,87,142,613
308900,Kaik?ura,Canterbury,115,201,572
309000,Karamea,West Coast,13,28,464
309100,Inlets Buller District,West Coast,Masked,Masked,Masked
309200,Westport North,West Coast,71,123,577
309300,Westport Rural,West Coast,32,55,582
309400,Westport South,West Coast,78,136,574
309500,Buller Coalfields,West Coast,39,54,722
309600,Charleston (Buller District),West Coast,20,28,714
309700,Inangahua,West Coast,14,30,467
309800,Reefton,West Coast,32,48,667
309900,Barrytown,West Coast,30,55,545
310000,Runanga,West Coast,44,64,688
310100,Cobden,West Coast,66,124,532
310200,Blaketown,West Coast,34,61,557
310300,Greymouth Central,West Coast,22,38,579
310400,King Park,West Coast,31,46,674
310500,Marsden,West Coast,48,75,640
310600,Karoro,West Coast,24,38,632
310700,Rutherglen-Camerons,West Coast,39,60,650
310800,Greymouth Rural,West Coast,19,34,559
310900,Dobson,West Coast,20,47,426
311000,Nelson Creek,West Coast,21,41,512
311100,Lake Brunner,West Coast,14,24,583
311200,Haast,West Coast,Masked,Masked,Masked
311300,Westland Glaciers-Bruce Bay,West Coast,25,35,714
311400,Arahura-Kumara,West Coast,63,94,670
311500,Hokitika,West Coast,224,327,685
311700,Hokitika Rural,West Coast,49,89,551
311800,Waitaha,West Coast,21,27,778
311900,Whataroa-Harihari,West Coast,18,33,545
312000,Hokitika Valley-Otira,West Coast,14,23,609
312100,Hanmer Range,Canterbury,Masked,Masked,Masked
312200,Amuri,Canterbury,45,83,542
312300,Hanmer Springs,Canterbury,15,27,556
312400,Upper Hurunui,Canterbury,25,55,455
312500,Parnassus,Canterbury,41,57,719
312600,Ashley Forest,Canterbury,18,29,621
312700,Omihi,Canterbury,20,42,476
312800,Balcairn,Canterbury,44,75,587
312900,Amberley,Canterbury,48,68,706
313000,Okuku,Canterbury,12,16,750
313100,Ashley Gorge,Canterbury,14,26,538
313200,Oxford,Canterbury,35,59,593
313300,Starvation Hill-Cust,Canterbury,28,45,622
313400,Loburn,Canterbury,34,49,694
313500,Eyrewell,Canterbury,41,66,621
313600,West Eyreton,Canterbury,26,33,788
313700,Ashley-Sefton,Canterbury,49,82,598
313800,Fernside,Canterbury,31,56,554
313900,Rangiora North West,Canterbury,46,60,767
314000,Kingsbury,Canterbury,51,70,729
314100,Ashgrove,Canterbury,35,62,565
314200,Rangiora North East,Canterbury,53,91,582
314300,Oxford Estate,Canterbury,22,36,611
314400,Rangiora Central,Canterbury,Masked,Masked,Masked
314500,Rangiora South West,Canterbury,47,73,644
314600,Lilybrook,Canterbury,84,161,522
314700,Waikuku,Canterbury,61,113,540
314800,Mandeville-Ohoka,Canterbury,73,101,723
314900,Rangiora South East,Canterbury,55,94,585
315000,Southbrook,Canterbury,15,27,556
315100,Swannanoa-Eyreton,Canterbury,Masked,Masked,Masked
315200,Tuahiwi,Canterbury,85,117,726
315300,Woodend,Canterbury,102,171,596
315400,Pegasus,Canterbury,85,128,664
315500,Clarkville,Canterbury,33,52,635
315600,Pegasus Bay,Canterbury,58,83,699
315700,Kaiapoi North West,Canterbury,81,161,503
315800,Silverstream (Waimakariri District),Canterbury,35,47,745
315900,Sovereign Palms,Canterbury,129,212,608
316000,Kaiapoi West,Canterbury,45,91,495
316100,Kaiapoi Central,Canterbury,93,160,581
316200,Kaiapoi South,Canterbury,60,85,706
316300,Kaiapoi East,Canterbury,Masked,Masked,Masked
316400,McLeans Island,Canterbury,Masked,Masked,Masked
316500,Paparua,Canterbury,21,35,600
316600,Yaldhurst,Canterbury,45,67,672
316700,Christchurch Airport,Canterbury,Masked,Masked,Masked
316800,Clearwater,Canterbury,Masked,Masked,Masked
316900,Belfast West,Canterbury,49,80,612
317000,Harewood,Canterbury,19,31,613
317100,Brooklands-Spencerville,Canterbury,28,46,609
317200,Styx,Canterbury,40,59,678
317300,Belfast East,Canterbury,94,164,573
317400,Northwood,Canterbury,60,83,723
317500,Russley,Canterbury,17,26,654
317600,Regents Park,Canterbury,30,36,833
317700,Hawthornden,Canterbury,69,99,697
317800,Bishopdale North,Canterbury,142,217,654
317900,Casebrook,Canterbury,120,211,569
318000,Bishopdale West,Canterbury,85,133,639
318100,Templeton,Canterbury,76,129,589
318200,Islington,Canterbury,61,91,670
318300,Burnside Park,Canterbury,76,116,655
318400,Marshland,Canterbury,19,38,500
318500,Avonhead North,Canterbury,28,40,700
318600,Redwood North,Canterbury,102,141,723
318700,Broomfield,Canterbury,110,179,615
318800,Redwood West,Canterbury,90,149,604
318900,Avonhead West,Canterbury,26,32,812
319000,Bishopdale South,Canterbury,73,108,676
319100,Islington-Hornby Industrial,Canterbury,Masked,Masked,Masked
319200,Burnside,Canterbury,70,130,538
319300,Hei Hei,Canterbury,141,249,566
319400,Papanui North,Canterbury,74,127,583
319500,Avonhead East,Canterbury,51,88,580
319600,Redwood East,Canterbury,134,188,713
319700,Avonhead South,Canterbury,58,95,611
319800,Riccarton Racecourse,Canterbury,38,72,528
319900,Bryndwr North,Canterbury,112,198,566
320000,Northlands (Christchurch City),Canterbury,Masked,Masked,Masked
320100,Papanui West,Canterbury,84,126,667
320200,Ilam North,Canterbury,67,107,626
320300,Hornby West,Canterbury,128,221,579
320400,Hornby Central,Canterbury,Masked,Masked,Masked
320500,Northcote (Christchurch City),Canterbury,78,128,609
320600,Jellie Park,Canterbury,58,81,716
320700,Ilam South,Canterbury,60,102,588
320800,Bryndwr South,Canterbury,83,131,634
320900,Papanui East,Canterbury,45,66,682
321000,Sockburn North,Canterbury,83,136,610
321100,Hornby South,Canterbury,193,304,635
321200,Ilam University,Canterbury,101,170,594
321300,Prestons,Canterbury,105,145,724
321400,Strowan,Canterbury,75,106,708
321500,Fendalton,Canterbury,36,49,735
321600,Waitikiri,Canterbury,83,122,680
321700,Mairehau North,Canterbury,109,161,677
321800,Bush Inn,Canterbury,72,122,590
321900,Awatea North,Canterbury,79,123,642
322000,Upper Riccarton,Canterbury,45,100,450
322100,Malvern,Canterbury,67,96,698
322200,Rutland,Canterbury,54,77,701
322300,Sockburn South,Canterbury,24,38,632
322400,Deans Bush,Canterbury,41,63,651
322500,Wigram North,Canterbury,Masked,Masked,Masked
322600,Holmwood,Canterbury,34,46,739
322700,Wharenui,Canterbury,90,139,647
322800,Wigram West,Canterbury,28,35,800
322900,Awatea South,Canterbury,24,38,632
323000,Merivale,Canterbury,55,69,797
323100,Mairehau South,Canterbury,119,199,598
323200,Mona Vale,Canterbury,35,48,729
323300,Riccarton West,Canterbury,93,170,547
323400,Shirley West,Canterbury,158,273,579
323500,Middleton,Canterbury,Masked,Masked,Masked
323600,Wigram South,Canterbury,Masked,Masked,Masked
323700,Queenspark,Canterbury,141,210,671
323800,St Albans North,Canterbury,73,104,702
323900,St Albans West,Canterbury,62,105,590
324000,Travis Wetlands,Canterbury,76,115,661
324100,Wigram East,Canterbury,Masked,Masked,Masked
324200,Riccarton Central,Canterbury,Masked,Masked,Masked
324300,Oaklands West,Canterbury,76,97,784
324400,Riccarton South,Canterbury,83,131,634
324500,Halswell West,Canterbury,97,139,698
324600,Shirley East,Canterbury,93,141,660
324700,Broken Run,Canterbury,Masked,Masked,Masked
324800,St Albans East,Canterbury,107,162,660
324900,Hagley Park,Canterbury,Masked,Masked,Masked
325000,Hillmorton,Canterbury,96,139,691
325100,Parklands,Canterbury,183,297,616
325200,Riccarton East,Canterbury,27,43,628
325300,Edgeware,Canterbury,134,225,596
325400,Aidanfield,Canterbury,62,79,785
325500,Tower Junction,Canterbury,Masked,Masked,Masked
325600,Burwood,Canterbury,151,249,606
325700,Christchurch Central-West,Canterbury,46,69,667
325800,Christchurch Central-North,Canterbury,95,148,642
325900,Richmond North (Christchurch City),Canterbury,86,140,614
326000,Waimairi Beach,Canterbury,42,50,840
326100,Addington West,Canterbury,92,154,597
326200,?takaro-Avon River Corridor,Canterbury,Masked,Masked,Masked
326300,Oaklands East,Canterbury,99,149,664
326400,Addington North,Canterbury,Masked,Masked,Masked
326500,Dallington,Canterbury,78,153,510
326600,Christchurch Central,Canterbury,Masked,Masked,Masked
326700,Hoon Hay West,Canterbury,155,259,598
326800,Richmond South (Christchurch City),Canterbury,98,157,624
326900,Spreydon West,Canterbury,135,199,678
327000,Christchurch Central-East,Canterbury,120,186,645
327100,Christchurch Central-South,Canterbury,30,54,556
327200,North Beach,Canterbury,196,326,601
327300,Halswell North,Canterbury,50,66,758
327400,Addington East,Canterbury,119,202,589
327500,Avondale (Christchurch City),Canterbury,105,184,571
327600,Spreydon North,Canterbury,162,254,638
327700,Hoon Hay East,Canterbury,97,154,630
327800,Avonside,Canterbury,93,159,585
327900,Linwood West,Canterbury,170,343,496
328000,Halswell South,Canterbury,68,98,694
328100,Sydenham Central,Canterbury,Masked,Masked,Masked
328200,Spreydon South,Canterbury,76,120,633
328300,Rawhiti,Canterbury,116,211,550
328400,Wainoni,Canterbury,173,287,603
328500,Linwood North,Canterbury,143,264,542
328600,Aranui,Canterbury,302,571,529
328700,Sydenham West,Canterbury,50,78,641
328800,Lancaster Park,Canterbury,7,22,318
328900,Phillipstown,Canterbury,153,351,436
329000,Kennedys Bush,Canterbury,Masked,Masked,Masked
329100,Somerfield East,Canterbury,86,126,683
329200,Somerfield West,Canterbury,88,124,710
329300,Linwood East,Canterbury,127,216,588
329400,Sydenham North,Canterbury,65,124,524
329500,Hoon Hay South,Canterbury,49,66,742
329600,Charleston (Christchurch City),Canterbury,67,123,545
329700,Sydenham South,Canterbury,80,117,684
329800,Bexley,Canterbury,161,307,524
329900,Waltham,Canterbury,65,111,586
330000,Westmorland,Canterbury,55,70,786
330100,Woolston North,Canterbury,167,282,592
330200,New Brighton,Canterbury,161,233,691
330300,Cashmere West,Canterbury,56,72,778
330400,Bromley South,Canterbury,169,278,608
330500,Ensors,Canterbury,80,154,519
330600,Beckenham,Canterbury,57,74,770
330700,Bromley North,Canterbury,Masked,Masked,Masked
330800,St Martins,Canterbury,73,109,670
330900,Opawa,Canterbury,41,60,683
331000,Woolston West,Canterbury,42,103,408
331100,Woolston East,Canterbury,138,227,608
331200,Huntsbury,Canterbury,51,74,689
331300,Cashmere East,Canterbury,60,85,706
331400,Hillsborough (Christchurch City),Canterbury,75,108,694
331500,Woolston South,Canterbury,22,29,759
331600,Port Hills,Canterbury,Masked,Masked,Masked
331700,South New Brighton,Canterbury,152,230,661
331800,Brookhaven-Ferrymead,Canterbury,44,65,677
331900,Heathcote Valley,Canterbury,71,98,724
332000,Mount Pleasant,Canterbury,64,90,711
332100,Redcliffs,Canterbury,52,71,732
332200,Governors Bay,Canterbury,Masked,Masked,Masked
332400,Clifton Hill,Canterbury,29,36,806
332500,Lyttelton,Canterbury,146,217,673
332700,Sumner,Canterbury,72,90,800
332800,Teddington,Canterbury,Masked,Masked,Masked
332900,Diamond Harbour,Canterbury,30,41,732
333100,Banks Peninsula South,Canterbury,36,57,632
333200,Eastern Bays-Banks Peninsula,Canterbury,34,40,850
333300,Akaroa Harbour,Canterbury,24,32,750
333500,Akaroa,Canterbury,22,29,759
333600,Craigieburn,Canterbury,Masked,Masked,Masked
333700,Torlesse,Canterbury,37,55,673
333800,Glenroy-Hororata,Canterbury,30,40,750
333900,Glentunnel,Canterbury,19,27,704
334000,Darfield,Canterbury,67,84,798
334100,Kirwee,Canterbury,20,27,741
334200,Bankside,Canterbury,25,41,610
334300,Charing Cross,Canterbury,15,31,484
334400,Halkett,Canterbury,26,38,684
334500,Newtons Road,Canterbury,83,125,664
334600,West Melton,Canterbury,53,62,855
334700,Burnham Camp,Canterbury,74,97,763
334800,Rolleston Izone,Canterbury,Masked,Masked,Masked
334900,Rolleston North West,Canterbury,127,185,686
335000,Springston,Canterbury,48,77,623
335100,Rolleston Central,Canterbury,119,165,721
335200,Rolleston North East,Canterbury,139,226,615
335300,Rolleston South West,Canterbury,120,190,632
335400,Southbridge,Canterbury,68,113,602
335500,Rolleston South East,Canterbury,219,336,652
335600,Trents,Canterbury,46,62,742
335700,Prebbleton,Canterbury,89,113,788
335800,Irwell,Canterbury,36,55,655
335900,Ladbrooks,Canterbury,43,58,741
336000,Lincoln West,Canterbury,91,128,711
336100,Lincoln East,Canterbury,96,130,738
336200,Leeston,Canterbury,69,101,683
336300,Tai Tapu,Canterbury,39,49,796
336400,Motukarara,Canterbury,15,23,652
336600,Ashburton Lakes,Canterbury,Masked,Masked,Masked
336700,Cairnbrae,Canterbury,19,32,594
336800,Ashburton Forks,Canterbury,25,42,595
336900,Methven,Canterbury,34,58,586
337000,Ealing-Lowcliffe,Canterbury,30,44,682
337100,Eiffelton,Canterbury,31,57,544
337200,Chertsey,Canterbury,26,55,473
337300,Winchmore-Wakanui,Canterbury,20,33,606
337400,Allenton North,Canterbury,34,63,540
337500,Allenton South,Canterbury,41,89,461
337600,Rakaia,Canterbury,44,71,620
337700,Ashburton North,Canterbury,15,35,429
337800,Allenton East,Canterbury,35,59,593
337900,Tinwald North,Canterbury,30,43,698
338000,Ashburton Central,Canterbury,Masked,Masked,Masked
338100,Ashburton West,Canterbury,18,32,562
338200,Tinwald South,Canterbury,54,99,545
338300,Ashburton East,Canterbury,38,58,655
338400,Netherby,Canterbury,67,115,583
338500,Hampstead,Canterbury,86,155,555
338600,Ben McLeod,South Canterbury,Masked,Masked,Masked
338700,Arundel,South Canterbury,Masked,Masked,Masked
338800,Levels Valley,South Canterbury,16,22,727
338900,Geraldine,South Canterbury,60,97,619
339000,Rangitata,South Canterbury,25,39,641
339100,Waitohi (Timaru District),South Canterbury,54,84,643
339200,Pleasant Point,South Canterbury,53,64,828
339300,Temuka West,South Canterbury,80,131,611
339400,Hadlow,South Canterbury,20,32,625
339500,Levels,South Canterbury,40,52,769
339600,Temuka East,South Canterbury,71,137,518
339700,Gleniti North,South Canterbury,16,27,593
339800,Washdyke,South Canterbury,31,53,585
339900,Fairview,South Canterbury,24,54,444
340000,Gleniti South,South Canterbury,30,42,714
340100,Glenwood,South Canterbury,45,90,500
340200,Marchwiel West,South Canterbury,35,57,614
340300,Marchwiel East,South Canterbury,45,84,536
340400,Highfield North,South Canterbury,53,69,768
340500,Highfield South,South Canterbury,29,45,644
340600,Waimataitai-Maori Hill,South Canterbury,71,99,717
340700,Fraser Park,South Canterbury,65,109,596
340800,Seaview,South Canterbury,60,125,480
341000,Watlington,South Canterbury,67,127,528
341100,Timaru Central,South Canterbury,14,37,378
341200,Timaru East,South Canterbury,Masked,Masked,Masked
341300,Parkside,South Canterbury,81,133,609
341400,Kensington (Timaru District),South Canterbury,44,77,571
341500,Mackenzie Lakes,South Canterbury,Masked,Masked,Masked
341800,Twizel,South Canterbury,39,66,591
341900,Opua (Mackenzie District),South Canterbury,13,28,464
342000,Fairlie,South Canterbury,15,29,517
342100,Hakataramea,South Canterbury,Masked,Masked,Masked
342200,Maungati,South Canterbury,Masked,Masked,Masked
342300,Lyalldale,South Canterbury,17,25,680
342400,Makikihi-Willowbridge,South Canterbury,14,25,560
342500,Waimate North,South Canterbury,Masked,Masked,Masked
342600,Morven-Glenavy-Ikawai,South Canterbury,25,36,694
342700,Waimate West,South Canterbury,24,40,600
342800,Waimate East,South Canterbury,48,72,667
343000,Chatham Islands,Canterbury,106,124,855
343100,Aviemore,Southern,Masked,Masked,Masked
343300,Danseys Pass,Southern,19,38,500
343400,Ngapara,Southern,14,41,341
343500,Lower Waitaki,Southern,21,28,750
343600,Waihemo,Southern,44,63,698
343700,Maheno,Southern,35,59,593
343800,Weston,Southern,26,33,788
343900,Oamaru North Milner Park,Southern,56,89,629
344000,Oamaru North Orana Park,Southern,67,115,583
344100,Oamaru Gardens,Southern,26,44,591
344200,Glen Warren,Southern,40,69,580
344300,Holmes Hill,Southern,28,43,651
344400,Oamaru Central,Southern,Masked,Masked,Masked
344500,South Hill,Southern,60,105,571
344700,Palmerston,Southern,32,50,640
344800,Lindis-Nevis Valleys,Southern,45,73,616
344900,Cromwell West,Southern,88,157,561
345000,Cromwell East,Southern,51,98,520
345100,Manuherikia-Ida Valleys,Southern,18,34,529
345200,Earnscleugh,Southern,21,27,778
345300,Dunstan-Galloway,Southern,39,62,629
345400,Clyde,Southern,30,46,652
345500,Alexandra North,Southern,93,163,571
345600,Alexandra South,Southern,66,107,617
345700,Maniototo,Southern,60,84,714
345800,Teviot Valley,Southern,48,84,571
345900,Outer Wanaka,Southern,Masked,Masked,Masked
346000,Glenorchy,Southern,Masked,Masked,Masked
346200,Outer Wakatipu,Southern,Masked,Masked,Masked
346400,Cardrona,Southern,Masked,Masked,Masked
346600,Wanaka Waterfront,Southern,31,44,705
346700,Wanaka North,Southern,62,104,596
346800,Wanaka West,Southern,19,29,655
346900,Albert Town,Southern,41,62,661
347000,Wanaka Central,Southern,19,30,633
347100,Lake Hawea,Southern,28,54,519
347200,Upper Clutha Valley,Southern,21,34,618
347300,Kingston,Southern,Masked,Masked,Masked
347400,Arthurs Point,Southern,23,34,676
347500,Wakatipu Basin,Southern,29,39,744
347600,Queenstown Hill,Southern,Masked,Masked,Masked
347700,Warren Park,Southern,17,28,607
347800,Sunshine Bay-Fernhill,Southern,43,90,478
347900,Arrowtown,Southern,47,66,712
348000,Quail Rise,Southern,Masked,Masked,Masked
348100,Queenstown Central,Southern,Masked,Masked,Masked
348200,Queenstown East,Southern,Masked,Masked,Masked
348300,Frankton Arm,Southern,30,54,556
348400,Frankton,Southern,56,91,615
348500,Lake Hayes,Southern,Masked,Masked,Masked
348600,Kelvin Heights,Southern,17,22,773
348700,Shotover Country,Southern,72,120,600
348800,Lake Hayes Estate,Southern,55,86,640
348900,Jacks Point,Southern,29,48,604
349000,Strath Taieri,Southern,Masked,Masked,Masked
349100,Bucklands Crossing,Southern,81,98,827
349200,Waikouaiti,Southern,37,59,627
349300,Momona,Southern,62,86,721
349400,Taieri,Southern,27,40,675
349600,Mount Cargill,Southern,52,76,684
349700,Bush Road,Southern,43,64,672
349800,Mosgiel East,Southern,69,93,742
349900,Mosgiel Central,Southern,61,85,718
350000,Seddon Park,Southern,73,111,658
350100,Wingatui,Southern,20,29,690
350200,Saddle Hill-Chain Hills,Southern,21,29,724
350300,East Taieri,Southern,64,79,810
350400,Halfway Bush,Southern,45,74,608
350500,Helensburgh,Southern,31,41,756
350600,Glenleith,Southern,35,47,745
350700,Fairfield (Dunedin City),Southern,78,100,780
350900,Brockville,Southern,76,158,481
351000,Wakari,Southern,136,207,657
351100,Abbotsford,Southern,75,113,664
351200,Brighton,Southern,35,73,479
351300,Pine Hill-Dalmore,Southern,87,134,649
351400,Kaikorai-Bradford,Southern,37,55,673
351500,Maori Hill,Southern,61,78,782
351600,Roslyn (Dunedin City),Southern,82,112,732
351700,North East Valley Chingford,Southern,64,96,667
351800,Roseneath-Sawyers Bay,Southern,44,59,746
351900,Normanby,Southern,40,59,678
352000,North East Valley Knox,Southern,105,157,669
352100,Belleknowes,Southern,59,87,678
352200,Gardens (Dunedin City),Southern,151,254,594
352300,Kenmure,Southern,53,84,631
352400,Campus West,Southern,71,117,607
352500,Waldronville,Southern,33,56,589
352600,Green Island,Southern,80,132,606
352700,Port Chalmers,Southern,55,70,786
352800,Royal Terrace,Southern,59,98,602
352900,Arthur Street,Southern,67,89,753
353000,Opoho,Southern,35,46,761
353100,Campus North,Southern,154,232,664
353200,Campus South,Southern,105,160,656
353300,Mornington,Southern,98,168,583
353400,Dunedin Central,Southern,114,159,717
353500,Maryhill,Southern,65,95,684
353600,Ravensbourne-St Leonards,Southern,70,102,686
353700,Harbourside,Southern,Masked,Masked,Masked
353800,Fernhill,Southern,77,125,616
353900,Otago Peninsula,Southern,62,81,765
354000,Concord,Southern,40,67,597
354100,Calton Hill,Southern,44,77,571
354200,Caversham,Southern,94,150,627
354300,Hillside-Portsmouth Drive,Southern,Masked,Masked,Masked
354400,Kew (Dunedin City),Southern,49,68,721
354500,Corstorphine,Southern,70,101,693
354600,Forbury,Southern,58,81,716
354700,Bathgate Park,Southern,128,191,670
354800,St Clair,Southern,68,94,723
354900,Waverley,Southern,81,101,802
355000,Macandrew Bay-Company Bay,Southern,43,56,768
355100,Broad Bay-Portobello,Southern,48,56,857
355200,St Kilda South,Southern,131,189,693
355300,Musselburgh,Southern,55,79,696
355400,Shiel Hill,Southern,47,53,887
355500,St Kilda North,Southern,85,135,630
355600,Andersons Bay,Southern,72,99,727
355700,Tainui,Southern,55,83,663
355800,West Otago,Southern,59,110,536
355900,Tuapeka,Southern,41,63,651
356000,Clinton,Southern,23,43,535
356100,Clutha Valley,Southern,24,48,500
356200,Bruce,Southern,69,108,639
356300,Catlins,Southern,54,71,761
356400,Milton,Southern,109,174,626
356500,Balclutha South,Southern,115,187,615
356600,Balclutha North,Southern,49,92,533
356700,Benhar-Stirling,Southern,25,39,641
356800,Kaitangata-Matau,Southern,51,96,531
357000,Fiordland,Southern,Masked,Masked,Masked
357300,Mararoa,Southern,22,33,667
357500,Te Anau,Southern,66,120,550
357600,Whitestone,Southern,21,27,778
357700,Mossburn,Southern,19,42,452
357900,Longwood Forest,Southern,54,105,514
358000,Ohai-Nightcaps,Southern,52,114,456
358100,Riversdale-Piano Flat,Southern,28,45,622
358200,Lumsden-Balfour,Southern,23,42,548
358300,Oreti River,Southern,35,56,625
358400,Otautau,Southern,42,107,393
358500,Hedgehope,Southern,14,36,389
358600,Winton,Southern,69,124,556
358700,Waianiwa,Southern,21,34,618
358800,Riverton,Southern,83,128,648
358900,Wallacetown,Southern,29,49,592
359000,Grove Bush,Southern,16,29,552
359100,Edendale-Woodlands,Southern,53,94,564
359300,Stewart Island,Southern,26,35,743
359400,Awarua Plains,Southern,20,30,667
359500,Wyndham-Catlins,Southern,65,117,556
359600,Waikaka,Southern,20,34,588
359700,Waimumu-Kaiwera,Southern,15,32,469
359800,Gore North,Southern,34,71,479
359900,Gore West,Southern,86,142,606
360000,East Gore,Southern,41,98,418
360100,Gore Central,Southern,Masked,Masked,Masked
360200,Gore Main,Southern,31,47,660
360300,Gore South,Southern,22,40,550
360400,Mataura,Southern,147,263,559
360500,West Plains-Makarewa,Southern,62,99,626
360600,Prestonville-Grasmere,Southern,175,271,646
360700,Donovan Park,Southern,88,132,667
360800,Myross Bush,Southern,28,44,636
360900,Otatara,Southern,131,187,701
361000,Invercargill Central,Southern,59,112,527
361100,Gladstone (Invercargill City),Southern,87,128,680
361200,Rosedale,Southern,57,77,740
361300,Avenal,Southern,56,85,659
361400,Hargest,Southern,72,116,621
361500,Windsor,Southern,119,183,650
361600,Richmond (Invercargill City),Southern,165,251,657
361700,Glengarry,Southern,114,221,516
361900,Turnbull Thompson Park,Southern,97,161,602
362000,Crinan,Southern,95,186,511
362100,Georgetown,Southern,94,206,456
362200,Kew (Invercargill City),Southern,107,204,525
362300,Kennington-Tisbury,Southern,67,104,644
362400,Newfield,Southern,140,246,569
362500,Strathern,Southern,151,253,597
362600,Elizabeth Park,Southern,78,148,527
362700,Aurora,Southern,97,176,551
362800,Moulson,Southern,91,149,611
362900,Kingswell,Southern,122,198,616
363000,Clifton,Southern,109,202,540
363100,Woodend-Greenhills,Southern,28,49,571
363300,Bluff,Southern,335,493,680
100300,Inlets Far North District,Northland,Masked,Masked,Masked
108400,Inlet Whang?rei Harbour,Northland,Masked,Masked,Masked
113700,Riverhead Forest,Waitemata,Masked,Masked,Masked
119300,Inlet Waitemata Harbour,Area outside District Health Board,Masked,Masked,Masked
141400,Inlet Manukau Harbour,Area outside District Health Board,Masked,Masked,Masked
166600,Islands Thames-Coromandel District,Waikato,Masked,Masked,Masked
189500,Kaimanawa,Lakes,Masked,Masked,Masked
190000,Te More,Lakes,Masked,Masked,Masked
190700,Inlet Tauranga Harbour North,Bay of Plenty,Masked,Masked,Masked
233900,Mara,MidCentral,Masked,Masked,Masked
236200,Kapiti Island,Capital and Coast,Masked,Masked,Masked
238200,Tararua Forest Park,MidCentral,Masked,Masked,Masked
238700,Mana Island,Capital and Coast,Masked,Masked,Masked
246500,Towai,Hutt Valley,Masked,Masked,Masked
258100,Three Kings Islands,Area outside District Health Board,Masked,Masked,Masked
258900,Islands Bay of Plenty Region,Bay of Plenty,Masked,Masked,Masked
259800,Bare Island,Area outside District Health Board,Masked,Masked,Masked
301900,Inlet Waimea West,Nelson Marlborough,Masked,Masked,Masked
302000,Islands Tasman District,Nelson Marlborough,Masked,Masked,Masked
303700,Inlets Nelson City,Nelson Marlborough,Masked,Masked,Masked
306400,Marlborough Sounds Coastal Marine,Nelson Marlborough,Masked,Masked,Masked
363700,Oceanic Southland Region,Area outside District Health Board,Masked,Masked,Masked
